"conversation_id_str","created_at","favorite_count","full_text","id_str","image_url","in_reply_to_screen_name","lang","location","quote_count","reply_count","retweet_count","tweet_url","user_id_str","username"
"1995879080085127261","Tue Dec 02 15:33:48 +0000 2025","8","SLOT GACOR HARI INI TERBARU 2025 BONUS SPIN GRATIS 25X REAL!! JAM POLA RTP AKURAT DEPO RECEH WD JUTAAN Slot Gacor : https://t.co/4g3FpRa2cf https://t.co/oVeUB9jzkb","1995879080085127261","https://pbs.twimg.com/media/G7LJav6bcAANIXC.jpg","","in","","0","3","0","https://x.com/undefined/status/1995879080085127261","4844847323",
"1995853623805575273","Tue Dec 02 13:52:39 +0000 2025","8","️‍ SLOT GACOR HARI INI ️‍ Situs MANTUL138 merupakan situs game terbaik &amp; Terpercaya 2025 RTP Slot Gacor Hari Ini! Main Sekali Cuan Berkali Kali Daftar disini : https://t.co/2Ou8Iy9BQx https://t.co/RQa1zWpdSj","1995853623805575273","https://pbs.twimg.com/media/G7KySbOb0AA4eu4.jpg","","in","","0","2","0","https://x.com/undefined/status/1995853623805575273","4421723482",
"1995856521989894368","Tue Dec 02 14:04:10 +0000 2025","7","️‍ SLOT GACOR HARI INI ️‍ Situs MANTUL138 merupakan situs game terbaik &amp; Terpercaya 2025 RTP Slot Gacor Hari Ini! Main Sekali Cuan Berkali Kali Daftar disini : https://t.co/LPGyMAhPN4 https://t.co/WgCcZvLxKD","1995856521989894368","https://pbs.twimg.com/amplify_video_thumb/1995856467799539715/img/eCKRyO6IvwQGcFB_.jpg","","in","","0","4","0","https://x.com/undefined/status/1995856521989894368","2233376174",
"1995777768177762479","Tue Dec 02 08:51:14 +0000 2025","72","Sesuai analisa purbayamology mudah bagi IHSG mencapai 9k akhir tahun nanti. Rispekkk pak purrr https://t.co/e51gCXsWjm","1995777768177762479","https://pbs.twimg.com/media/G7JtH91bgAAykM-.png","","in","","2","2","2","https://x.com/undefined/status/1995777768177762479","1409160713252179975",
"1988825314160431200","Thu Nov 13 04:24:40 +0000 2025","202","Legenda mengatakan ketika booming komoditas 2008 di IHSG yg manggung antara lain antm tins bumi &amp; inco 3 udah yg satu belum https://t.co/UN9b3JrtVx","1988825314160431200","https://pbs.twimg.com/media/G5m6E7ZacAMrlkd.jpg","","in","","2","11","15","https://x.com/undefined/status/1988825314160431200","1170586096578678785",
"1995853872116670669","Tue Dec 02 13:53:38 +0000 2025","6"," SLOT GACOR HARI INI ID BARU PASTI PUAS SCATTER MUDAH TURUN FITUR WILD PECAH BERUNTUN Link Slot Gacor : https://t.co/GkAkV8Tead https://t.co/SEsIDGn6zf","1995853872116670669","https://pbs.twimg.com/media/G7Kyf6ha8AA8jp7.jpg","","in","","0","3","0","https://x.com/undefined/status/1995853872116670669","3984856816",
"1996051819282477503","Wed Dec 03 03:00:13 +0000 2025","0","Pasar modal dibuka solid dengan IHSG menyentuh level tertinggi intraday sepanjang sejarah. Kinerja positif tersebut turut ditopang oleh pergerakan agresif lima saham yang memimpin penguatan. https://t.co/9wT7GaWtQ8","1996051819282477503","https://pbs.twimg.com/media/G7NmgrbbgAYQom6.jpg","","in","","0","1","0","https://x.com/undefined/status/1996051819282477503","238091066",
"1988781157203456425","Thu Nov 13 01:29:12 +0000 2025","150","update ihsg 8600 dan 8808 is near. mulai siaga untuk take profit akan lebih bijak. trutama yang ada pekerjaan utama. naik pakai tangga turun pakai lift nampaknya. 7400 an nanti akan menarik dan yang siap cash akan mendapat posisi yg baik di 2026. https://t.co/QjwtQC0vfu","1988781157203456425","https://pbs.twimg.com/media/G5mRYVaacAMcSof.jpg","","in","","2","5","20","https://x.com/undefined/status/1988781157203456425","1034308064",
"1995846163841646748","Tue Dec 02 13:23:01 +0000 2025","8","#IDXGoodNews IHSG mencetak All Time High di 8.617 043 melampaui rekor 26 November Kapitalisasi pasar ikut naik ke Rp15.813 triliun menambah rekor terbaru. Kenaikan beruntun ini menunjukkan kepercayaan investor yang terus menguat dan kondisi pasar yang stabil https://t.co/XTxGMio9Qf","1995846163841646748","https://pbs.twimg.com/media/G7KrgIjawAAYVYc.jpg","","in","","1","0","7","https://x.com/undefined/status/1995846163841646748","161183813",
"1995364060129562993","Mon Dec 01 05:27:18 +0000 2025","72","$BBRI gagal ma200 lagi dan kembali ke bawah semua MA lagi di tengah distribusi asing (area hijau itu saldo asing) 3240 adalah harga at minimal per dan pbv dan harga jika bottom kemarin diadjust dividen 3365 adalah harga at minimal PS dan juga dobell bottom low terakhir (dividen https://t.co/Iu4jLYlfW8","1995364060129562993","https://pbs.twimg.com/media/G7D0Y6BaYAABynu.jpg","","in","","0","4","8","https://x.com/undefined/status/1995364060129562993","1260798424393211904",
"1995879535603318813","Tue Dec 02 15:35:37 +0000 2025","7"," RTP Slot Gacor Hari Ini! Main Sekali Cuan Berkali Kali Daftar disini : https://t.co/t2IntmjcFB Mudah maxwin pola gacor terbaru siap dipakai tanpa ribet https://t.co/g3BACRkBM0","1995879535603318813","https://pbs.twimg.com/media/G7LJ2mkbgAIbAZQ.jpg","","in","","0","1","0","https://x.com/undefined/status/1995879535603318813","3294829260",
"1993606191088558541","Wed Nov 26 09:02:10 +0000 2025","456","IHSG Pecah Rekor Lagi Tembus 8.600! https://t.co/Yx7Ic8NaDC","1993606191088558541","https://pbs.twimg.com/media/G6q2RB_bwAERbbj.jpg","","in","","25","36","58","https://x.com/undefined/status/1993606191088558541","958566590768926721",
"1995854768670212499","Tue Dec 02 13:57:12 +0000 2025","5"," SLOT GACOR HARI INI ️ SITUS SLOT GACOR TERPERCAYA 2025 ️ MEMBER BARU AUTO CUAN ️ TANPA POLA PASTI GACOR ️ MAIN 5 MENIT LANGSUNG WEDE CUYY Link Daftar : https://t.co/F6yi2M7l67 https://t.co/HApCPs6C9U","1995854768670212499","https://pbs.twimg.com/media/G7KzTy3bgAI2nM8.jpg","","in","","0","1","0","https://x.com/undefined/status/1995854768670212499","3823105155",
"1993499522740502914","Wed Nov 26 01:58:18 +0000 2025","194","$PTRO infografis : sajikan data tanpa banyak cerita/bicara #bahassaham #analisaemiten PTRO $PTRO PT Petrosea Tbk perusahaan nasional yang menyediakan jasa pertambangan lengkap di sektor industri batubara minyak dan gas bumi https://t.co/jpUo7pazfP","1993499522740502914","https://pbs.twimg.com/media/G6pUGCFbwAAJ3pW.jpg","","in","","0","2","29","https://x.com/undefined/status/1993499522740502914","1260798424393211904",
"1987235633698644022","Sat Nov 08 19:07:50 +0000 2025","75","Untuk minggu ini Akankah ihsg tembus ke atas? Atau malah bakalan ada penurunan gajelas kayak sebelum sebelumnya Mari kita saksikan https://t.co/zk6PsOudYZ","1987235633698644022","https://pbs.twimg.com/media/G5QUHIBbIAItOhQ.jpg","","in","","1","6","1","https://x.com/undefined/status/1987235633698644022","1923392690512945152",
"1995857647195881691","Tue Dec 02 14:08:38 +0000 2025","5"," SLOT GACOR HARI INI TERPERCAYA ANTI ZONK BISA CEPAT KAYA TANPA BANYAK GAYA BONUS DEPOSIT SETIAP HARINYA!! Link slot gacor : https://t.co/tLtGvb9TaM #slotgacor #slotgacorhariini https://t.co/T2Ft4spSjR","1995857647195881691","https://pbs.twimg.com/media/G7K16-EbgAEYnEn.jpg","","in","","0","2","0","https://x.com/undefined/status/1995857647195881691","2723582209",
"1995851473184596041","Tue Dec 02 13:44:06 +0000 2025","6","Slot Gacor hari ini rekomendasi Situs Slot 2025 join sekarang dan rasakan kemenangan Setiap Hari No Monety No Honey Spin Santai JP Setiap Hari! slot gacor di sini https: https://t.co/jk5hCqw9uz https://t.co/c5FkL1Rn4P","1995851473184596041","https://pbs.twimg.com/media/G7KwTzXakAABlWy.jpg","","in","","0","1","0","https://x.com/undefined/status/1995851473184596041","2587089948",
"1992420998541611366","Sun Nov 23 02:32:38 +0000 2025","684","Djarum universe https://t.co/h9hJLpHYSh","1992420998541611366","https://pbs.twimg.com/media/G6aAS9tbMAADBkg.png","","in","","11","19","116","https://x.com/undefined/status/1992420998541611366","1260798424393211904",
"1993580291437609227","Wed Nov 26 07:37:15 +0000 2025","21","@SarjanaEksu hehe sama2 paak semoga lancar 1995 2450 https://t.co/ZcZdONPsKV","1993584822418391374","https://pbs.twimg.com/media/G6qi0scacAAELH-.png","SarjanaEksu","in","","2","1","2","https://x.com/undefined/status/1993584822418391374","1260798424393211904",
"1993879558488248822","Thu Nov 27 03:08:25 +0000 2025","37","$IHSG Sebagai penyeimbang timeline https://t.co/qay4dpPtj0","1993879558488248822","https://pbs.twimg.com/media/G6uuTfJa0AE-Ny1.png","","in","","0","1","3","https://x.com/undefined/status/1993879558488248822","1305725907584286720",
"1995879685532918151","Tue Dec 02 15:36:13 +0000 2025","7"," Slot gacor hari ini Push Saldo makin Gampang! depo cepat wd cepat &amp; aman cuma di [MANTUL138] Tinggal depo wede langsung masuk! Link Slot Gacor : https://t.co/euuSWX30fT https://t.co/29TnDq8bS7","1995879685532918151","https://pbs.twimg.com/media/G7LJ-FAbgAcuNZB.jpg","","in","","0","1","0","https://x.com/undefined/status/1995879685532918151","4898036350",
"1995878844193190221","Tue Dec 02 15:32:52 +0000 2025","6"," RTP Slot Gacor Hari Ini! Main Sekali Cuan Berkali Kali Daftar disini : https://t.co/im0NZFq2ew Mudah maxwin pola gacor terbaru siap dipakai tanpa ribet ! https://t.co/JM9wRdYfu4","1995878844193190221","https://pbs.twimg.com/media/G7LJObabgAMaXtt.jpg","","in","","0","1","0","https://x.com/undefined/status/1995878844193190221","4900823047",
"1993969451541389385","Thu Nov 27 09:05:38 +0000 2025","61","Cerita $IHSG hari ini https://t.co/Y04qx9KMJ9","1993969451541389385","https://pbs.twimg.com/media/G6wApQMaAAAmXI3.jpg","","in","","1","6","10","https://x.com/undefined/status/1993969451541389385","1379125037878288389",
"1993874325590716817","Thu Nov 27 02:47:38 +0000 2025","56","ok target 1 1995 udah terjadi next target 2 mudah2an terjadi 2200 2450 https://t.co/GAJfoQscVU","1993874325590716817","https://pbs.twimg.com/media/G6uqD3dbYAANctn.png","","in","","0","5","0","https://x.com/undefined/status/1993874325590716817","1260798424393211904",
"1992896382651220003","Mon Nov 24 10:27:22 +0000 2025","19","@bjirrlahk si dia https://t.co/NAdFXhcMxX","1992902860607307845","https://pbs.twimg.com/media/G6g2lWQbUAAbeVv.jpg","bjirrlahk","in","","0","1","2","https://x.com/undefined/status/1992902860607307845","1260798424393211904",
"1993693055740993975","Wed Nov 26 14:47:20 +0000 2025","46","Kalo break asikkk... lanjut lagi nih https://t.co/doArk9gjhM","1993693055740993975","https://pbs.twimg.com/media/G6sE3MRaoAAbarb.png","","in","","0","3","1","https://x.com/undefined/status/1993693055740993975","1387028810550243331",
"1995287256207405245","Mon Dec 01 00:22:07 +0000 2025","91","Selamat datang Desember bulan terakhir di 2025 Biasanya Desember adalah waktu yang kondusif untuk pasar saham. Ada potensi window dressing Santa rally. Rata-rata return IHSG +1 9% di bulan Desember dalam 7 th terakhir Semoga kinerja porto investasi saham kalian makin moncer https://t.co/mcJ1k7k5Pq","1995287256207405245","https://pbs.twimg.com/media/G7CuCUwbcAA1ZZz.png","","in","","3","6","15","https://x.com/undefined/status/1995287256207405245","201965045",
"1994302617116397589","Fri Nov 28 07:09:30 +0000 2025","37","salah satu chart masih bullish $TKIM cakep nih break ga yaa https://t.co/1Ju6NwXJKW","1994302617116397589","https://pbs.twimg.com/media/G60vl20aEAAI5LY.jpg","","in","","1","2","2","https://x.com/undefined/status/1994302617116397589","1260798424393211904",
"1995851914731487378","Tue Dec 02 13:45:52 +0000 2025","6","SITUS SLOT GACOR HARI INI ️‍ BONUS ANTI RUNGKAD 100% POLA DAN REKOMENASI JAM GACOR MENANG SEKALI WD BERKALI KALI Link Gacor : https://t.co/mjWAk9r7Cb https://t.co/AE8YmTpuEA","1995851914731487378","https://pbs.twimg.com/media/G7Kws2nbgAAVaCK.jpg","","in","","0","1","0","https://x.com/undefined/status/1995851914731487378","730023564896784384",
"1993962781033549923","Thu Nov 27 08:39:07 +0000 2025","32","Edisi mandi wajib $IHSG di akhir sesi Sudahkah anda TP? https://t.co/4lUbAZbShx","1993962781033549923","https://pbs.twimg.com/media/G6v6iAhaIAE5FUW.jpg","","in","","0","4","0","https://x.com/undefined/status/1993962781033549923","1379125037878288389",
"1995854169371279365","Tue Dec 02 13:54:49 +0000 2025","5","SITUS SLOT GACOR HARI INI TERPERCAYA 2025 SERING RUNGKAT!!? SINI MERAPAT!! SITUS GACOR TERBARIK PASTI MAXWIN !! RUNGKAD UANG KEMBALI Daftar disini : https://t.co/nm3UjJ8AqE #slotgacor #slotgacorhariini https://t.co/AVzldNkho2","1995854169371279365","https://pbs.twimg.com/media/G7KyvhHasAA9fsc.jpg","","in","","0","2","0","https://x.com/undefined/status/1995854169371279365","1986298272613548032",
"1995877663375028336","Tue Dec 02 15:28:11 +0000 2025","9","️‍ SLOT GACOR HARI INI ️‍ Situs MANTUL138 merupakan situs game terbaik &amp; Terpercaya 2025 RTP Slot Gacor Hari Ini! Main Sekali Cuan Berkali Kali Daftar disini : https://t.co/JxTQl3gPiA https://t.co/Q0jFaixJIu","1995877663375028336","https://pbs.twimg.com/media/G7LIG24bgAYcPHG.jpg","","in","","0","1","0","https://x.com/undefined/status/1995877663375028336","2241171355",
"1992237217604075717","Sat Nov 22 14:22:21 +0000 2025","64","ok cicil tebak bottom BTC ah hahaha ga wise sebetulnya otw down dibeli tapi lets bet on historical fibo level #btc $btc btcusdt ga ngajak2 bukan ajakan beli cuma bahan diskusi btc adalah invest dan trading yg sangat beresiko tinggi apalagi pake margin https://t.co/ruQPFgeeP6","1992237217604075717","https://pbs.twimg.com/media/G6XR55sb0AAwYLg.png","","in","","0","7","5","https://x.com/undefined/status/1992237217604075717","1260798424393211904",
"1994386159775215954","Fri Nov 28 12:41:29 +0000 2025","387","Dimana saya simpan/parkir uang kalau saham bearish? untuk USA dan IHSG kita akan mulai tread ini yaa tapi give like rt dan comment dong kalau kamu dimana? reksadana/etf apa? atau pilih SBN? bagaimana risk reward dan drawdownnya? https://t.co/vZwwAlwXJn","1994386159775215954","https://pbs.twimg.com/media/G617XdLaAAAuxik.png","","in","","1","14","63","https://x.com/undefined/status/1994386159775215954","1260798424393211904",
"1992601671827181653","Sun Nov 23 14:30:33 +0000 2025","15","Liat IHSG ATH terus jadi inget masa-masa dulu ingin menjadi finance bro Untung gk jadi ternyata otak w beneran ga kuat liat angka https://t.co/emMNk6FT7g","1992601671827181653","https://pbs.twimg.com/media/G6ckqBXaoAA-JQc.jpg","","in","","1","2","2","https://x.com/undefined/status/1992601671827181653","1270376404551524353",
"1990628062829138399","Tue Nov 18 03:48:08 +0000 2025","176","REMINDER : IHSG kemungkinan turun dalam beberapa hari kedepan. Jangan sampai kata2 mutiara mu keluar lagi. P4k k3n4p4 1nd3X TurUn? Indeks lagi mau zigzag aja karna Parabolic SAR merah sudah keluar. Waktinya istirahat. Posisi masih strong uptrend dan sudah naik 45% sejak https://t.co/RMolAcyu3g","1990628062829138399","https://pbs.twimg.com/media/G6AhrHOaQAAScVy.jpg","","in","","0","1","11","https://x.com/undefined/status/1990628062829138399","1912798803381698561",
"1992781654369440111","Mon Nov 24 02:25:45 +0000 2025","294","Thank you $wifi thank you Udah kasih profit Udah bikin lulus WMI tanpa ujian https://t.co/WEukOu2sCO","1992781654369440111","https://pbs.twimg.com/media/G6fIWhWa0AANNhJ.jpg","","in","","7","14","7","https://x.com/undefined/status/1992781654369440111","1260798424393211904",
"1995854552332206251","Tue Dec 02 13:56:21 +0000 2025","5"," SLOT GACOR HARI INI TERPERCAYA ANTI ZONK BISA CEPAT KAYA TANPA BANYAK GAYA BONUS DEPOSIT SETIAP HARINYA!! Link slot gacor : https://t.co/Y9TJ3x32Mi #slotgacor #slotgacorhariini https://t.co/AiIrWpE0j4","1995854552332206251","https://pbs.twimg.com/media/G7KzHDJbsAAABbn.jpg","","in","","0","2","0","https://x.com/undefined/status/1995854552332206251","1986474767227232258",
"1988905278989885861","Thu Nov 13 09:42:25 +0000 2025","97","Beuhh. Ini dia tema 2026 Habis Retracr pucuk ihsg lah yah.","1988905278989885861","","","in","","0","5","11","https://x.com/undefined/status/1988905278989885861","1034308064",
"1993277911655494126","Tue Nov 25 11:17:42 +0000 2025","3","Kelas pertama setelah 9 bulan belajar saham dari 0. Teknikal bisa ditiru dan dicari banyak ilmu berserakan di X ini fundamental selain bisa tanya ke AI di IHSG masih opsi no 2 tapi kalau masalah psikologi kayaknya emang butuh konsultasi https://t.co/LmYX2CiPeX","1993277911655494126","https://pbs.twimg.com/media/G6mLsZhaAAA9YFv.jpg","","in","","0","2","1","https://x.com/undefined/status/1993277911655494126","527365942",
"1995466140017991937","Mon Dec 01 12:12:56 +0000 2025","5","Desembull atau Desembear nih? https://t.co/Pkd9imMTlG","1995466140017991937","https://pbs.twimg.com/tweet_video_thumb/G7FR325bsAAekcL.jpg","","in","","0","2","0","https://x.com/undefined/status/1995466140017991937","1260798424393211904",
"1993102829809287620","Wed Nov 26 00:23:08 +0000 2025","11","@eskepalmilosatu Jawaban paling aman kalau ditanya pak saya mau invest saham kira2 yg bagus apa. Default answer ya ini $BBCA Padahal kalau beli siklus valuasi pucuk wah lama juga diajak nyelem. https://t.co/Fxfg6SXnT7","1993475576104112254","https://pbs.twimg.com/media/G6o_eQgaQAA2bU5.jpg","eskepalmilosatu","in","","0","2","0","https://x.com/undefined/status/1993475576104112254","1260798424393211904",
"1992858364829929570","Mon Nov 24 07:30:34 +0000 2025","66","Perusahaan banyak duit $ASGR anaknya $ASII Current Book Value Per Share 1 481.39 Cash Per Share (Quarter) 1 283.28 harga saham 1240 dibawah cashnya Cash (Quarter) 1 731 B Total Equity 1 998 B sahamnya sedang koreksi Astragraphia fokus pada ruang lingkup bisnis Printing and https://t.co/Ac9Qr8oNPc","1992858364829929570","https://pbs.twimg.com/media/G6gMMNLaEAAOE2g.jpg","","in","","0","4","5","https://x.com/undefined/status/1992858364829929570","1260798424393211904",
"1995881850259341684","Tue Dec 02 15:44:49 +0000 2025","156","Sudah siap belum bertapa sama saya - Klenikmaxxing IDX. Selamat berjumpa di PGK - Tradisi Lisan di IHSG. Salam Om Ed. https://t.co/ZQd903roT7","1995881850259341684","https://pbs.twimg.com/media/G7LL9TgbgAU_6OE.jpg","","in","","4","9","19","https://x.com/undefined/status/1995881850259341684","1379401879076020228",
"1992811335944651050","Mon Nov 24 04:23:41 +0000 2025","209","IHSG menanjak lagi sekarang dekati 8.500 All-time high terus terbentuk! https://t.co/S9YorYUC5l","1992811335944651050","https://pbs.twimg.com/media/G6fjWVWbYAA1HmF.jpg","","in","","10","6","25","https://x.com/undefined/status/1992811335944651050","958566590768926721",
"1993193113712746732","Tue Nov 25 05:40:44 +0000 2025","90","Don't Confuse Brains with a Bull Market: Ilusi pinternya atau hebatnya Anda/suatu teori/materi/metoda di bull market its not really you or your method/theory its because ihsg bullish hahaha ujilah ANU (teori materi metoda) di bear market bukan di bull market saya udah di https://t.co/ESbQKUGlS0","1993193113712746732","https://pbs.twimg.com/media/G6k9oFebwAQyBIQ.png","","in","","0","6","6","https://x.com/undefined/status/1993193113712746732","1260798424393211904",
"1992908398246125648","Mon Nov 24 10:49:23 +0000 2025","84","menuju asal bapak senang IHSG akhir tahun otw 9000 lets gooo https://t.co/DbK1jxVlh9","1992908398246125648","https://pbs.twimg.com/media/G6g7DvRaUAAVdAy.jpg","","in","","4","3","11","https://x.com/undefined/status/1992908398246125648","1409160713252179975",
"1996074305277534344","Wed Dec 03 04:29:34 +0000 2025","0","Sambut Window Dressing Akhir 2025 IHSG Diramal Sentuh 9.000 https://t.co/aR4YtEIx3k","1996074305277534344","","","in","","0","0","0","https://x.com/undefined/status/1996074305277534344","847372542830444544",
"1992071603791044768","Sat Nov 22 03:24:15 +0000 2025","94","#BahasSaham #analisaemiten $ABMM low pbv per broksum akum mulai detected (saya akan coba berhenti bilang broksum itu bandar karena memang broksum itu bukan bandar) perusahaan energi terintegrasi yang melakukan investasi strategis di sektor terkait pertambangan dan energi. https://t.co/B0grGzK4OX","1992071603791044768","https://pbs.twimg.com/media/G6U98qWbIAAh9A0.jpg","","in","","0","2","12","https://x.com/undefined/status/1992071603791044768","1260798424393211904",
"1992621271889359043","Sun Nov 23 15:48:26 +0000 2025","225","IHSG ini udah exhausted banget naiknya. Kalau sampai koreksi berkepanjangan banyak plan yg gagal Sudah sebijaknya untuk jangan gegabah dan atur MM seketat mungkin pastiin Risk:Reward masuk akal baru boleh buy lebih berani https://t.co/356VX9A7Sz","1992621271889359043","https://pbs.twimg.com/media/G6c2Ld9bcAAMi46.jpg","","in","","3","7","12","https://x.com/undefined/status/1992621271889359043","331650905",
"1992116130740404697","Sat Nov 22 06:21:11 +0000 2025","131","Bahan bacaan akhir pekan","1992116130740404697","","","in","","0","1","14","https://x.com/undefined/status/1992116130740404697","1260798424393211904",
"1992783994078011612","Mon Nov 24 02:35:02 +0000 2025","116","kenapa saya diversifikasi mengikuti cara Peter Lynch guru fundamental saya karena keuntungan saham yg multibagger akan menutupi kesalahan investasi saham yg gagal bahkan kalau cl nya sampai delisting 0 pun tapi jangan diversifikasi yg dipaksakan hanya karena harus https://t.co/NEILJV59mv","1992783994078011612","https://pbs.twimg.com/media/G6fKDulbAAAWIEe.png","","in","","1","3","14","https://x.com/undefined/status/1992783994078011612","1260798424393211904",
"1992869410172961096","Mon Nov 24 08:14:27 +0000 2025","49","hmm Danantara dan pemerintah akan bangun pabirk pakan ternak ga gitu bagus buat tk pakan bagus buat tk bahan pakan yaa hehe apa tuh bahan pakan ternak? https://t.co/ukef0SPziL","1992869410172961096","https://pbs.twimg.com/media/G6gX-zNbMAAh4mg.png","","in","","1","7","2","https://x.com/undefined/status/1992869410172961096","1260798424393211904",
"1992141233461031188","Sat Nov 22 08:00:56 +0000 2025","29","Kemudian https://t.co/4j2ykQCVUD","1992141233461031188","https://pbs.twimg.com/media/G6WB5RjbsAAA929.jpg","","in","","0","1","1","https://x.com/undefined/status/1992141233461031188","1260798424393211904",
"1995314229734510666","Mon Dec 01 02:09:18 +0000 2025","2651","gue yakin bgt lg ni orang maksa nyari berita positif tp keliatan dongonya lo kl udah bahas IHSG harusnya tau itu pengaruhnya ga besar utk rakyat namanya aja indeks saham anying dikira semua org investor","1995314229734510666","","","in","","9","24","426","https://x.com/undefined/status/1995314229734510666","1404815886394003480",
"1993641968174518631","Thu Nov 27 01:26:08 +0000 2025","20","@merylnotstreep_ yg ini juga bisa ngademin pikiran kalo IHSG lagi kebakaran https://t.co/naYqz1AtAu","1993853815863550152","https://pbs.twimg.com/media/G6uXZF-a0AAvNBS.jpg","merylnotstreep_","in","","0","1","0","https://x.com/undefined/status/1993853815863550152","73060067",
"1992772426195935464","Mon Nov 24 01:49:04 +0000 2025","40","https://t.co/JtsCfMX3y9 Untuk dapat infografis harian free. #bahassaham #analisaemiten $bbca Dua bulan di akum asing dari per minimalnya di harga 7300 udah tau kan ga usah dijelasin siapa bbca https://t.co/qnLWuZdchJ","1992772426195935464","https://pbs.twimg.com/media/G6e-MUZaYAADcHP.jpg","","in","","0","0","4","https://x.com/undefined/status/1992772426195935464","1260798424393211904",
"1996051443145674780","Wed Dec 03 02:58:43 +0000 2025","5","berlayaaar containeran udah saya bahas ya shipping Cina Indonesia naik tinggi saya lupa dimana pokoknya udah bahas aja https://t.co/7v1JjT81AM","1996051443145674780","https://pbs.twimg.com/tweet_video_thumb/G7NmM_lbgAAGt7T.jpg","","in","","0","2","0","https://x.com/undefined/status/1996051443145674780","1260798424393211904",
"1994613942002545146","Sat Nov 29 03:46:36 +0000 2025","4","siapa disini yg sering kejebak asuransi yg diem2 dicentang shopee? https://t.co/EvqviQ0reg","1994613942002545146","https://pbs.twimg.com/media/G65Kx58bkAAfGdc.jpg","","in","","0","0","0","https://x.com/undefined/status/1994613942002545146","1260798424393211904",
"1991805739455918369","Fri Nov 21 09:47:48 +0000 2025","56","Kata drakor terbaru Laporan itu ga boleh panjang harus pendek jelas dan sexy memancing penasaran untuk mendalami Dalam dunia trading harus bisa tangkap informasi dengan cepat. Untuk investing tentu harus lebih didalami. Apa coba judul drakor nya? https://t.co/luCQPTeAJu","1991805739455918369","https://pbs.twimg.com/media/G6RQw64a8AAHa7H.jpg","","in","","0","1","3","https://x.com/undefined/status/1991805739455918369","1260798424393211904",
"1994433104010956871","Fri Nov 28 15:48:01 +0000 2025","10","Berbagi cuan dari saham $IHSG Thanks Lord https://t.co/WE6xMVmqSa","1994433104010956871","https://pbs.twimg.com/media/G62mUT6b0AEZrZk.jpg","","in","","0","1","0","https://x.com/undefined/status/1994433104010956871","971225475107274752",
"1994669466656157990","Sat Nov 29 07:27:14 +0000 2025","212","IPO $RLCO barang bagus nih Abadi Nan Jaya semesta otw ARA ","1994669466656157990","","","in","","0","4","1","https://x.com/undefined/status/1994669466656157990","1509144342480498691",
"1993172125533012464","Tue Nov 25 04:17:20 +0000 2025","16","Bersyukur masih ada yg ijo disaat ihsg merah ges https://t.co/n3M5TE1ZsF","1993172125533012464","https://pbs.twimg.com/media/G6kre7JbwAIAgFi.jpg","","in","","0","3","0","https://x.com/undefined/status/1993172125533012464","1170586096578678785",
"1993874336751735173","Thu Nov 27 02:47:40 +0000 2025","759","Akun resmi KEMENKEU bikin konten IHSG ATH Punya menteri peduli sama bursa. Terharu gw","1993874336751735173","","","in","","4","7","52","https://x.com/undefined/status/1993874336751735173","310396237",
"1992886276559917140","Mon Nov 24 09:21:29 +0000 2025","8","the mighty IHSG ATH naik 21.05% year to date sepanjang 2025 #IHSGATH $IHSG https://t.co/woPATo4ARA","1992886276559917140","https://pbs.twimg.com/media/G6gnTtmakAAZJHO.png","","in","","0","0","1","https://x.com/undefined/status/1992886276559917140","1260798424393211904",
"1992439232041026020","Sun Nov 23 03:45:05 +0000 2025","60","#BahasSaham #analisaemiten $OASA rugi tapi wte wte kan hot nih tapi wte tangsel direset kemarin cancel hehe so far masih uptrend PT Maharaksa Biru Energi Tbk. (OASA) olah sampah jual listrik https://t.co/6BgCIY012r","1992439232041026020","https://pbs.twimg.com/media/G6aQccdbMAAwF0E.png","","in","","0","0","6","https://x.com/undefined/status/1992439232041026020","1260798424393211904",
"1993958654274621737","Thu Nov 27 08:22:43 +0000 2025","2","Banking beban IHSG https://t.co/KKtzS87a1K","1993958654274621737","https://pbs.twimg.com/tweet_video_thumb/G6v20mba0AAD13-.jpg","","in","","0","0","0","https://x.com/undefined/status/1993958654274621737","1458092047592787981",
"1993475856682172733","Wed Nov 26 00:24:15 +0000 2025","58","Jawaban paling aman orang orang kalau ditanya pak saya mau invest saham kira2 yg bagus apa. Default answer ya ini $BBCA Padahal kalau beli siklus valuasi pucuk wah lama juga diajak nyelem https://t.co/sqlhsjKq0B","1993475856682172733","https://pbs.twimg.com/media/G6o_uh4bwAIZBp6.jpg","","in","","0","2","4","https://x.com/undefined/status/1993475856682172733","1260798424393211904",
"1990396446844309851","Mon Nov 17 12:27:47 +0000 2025","14","#IDXGoodNews IHSG kembali mencatat All-Time High pada Senin 17 November 2025 di level 8.416 882 melampaui rekor sebelumnya 8.394 590 pada 7 November 2025. Pencapaian ini mencerminkan sentimen positif dan meningkatnya kepercayaan investor terhadap pasar Indonesia. Kami akan https://t.co/GFiJZGDStk","1990396446844309851","https://pbs.twimg.com/media/G59PA-Na0AAEOat.jpg","","in","","1","1","5","https://x.com/undefined/status/1990396446844309851","161183813",
"1993707131376447587","Wed Nov 26 15:43:16 +0000 2025","105","superketat today uptrend mild #originalcia $SMBR $WINE $APLN $INPC bukan ajakan membeli hanya bahan diskusi like rt comment dulu kalau mau ditambah analisa lanjutannya nya hehehe https://t.co/x6ZvQc3GM6","1993707131376447587","https://pbs.twimg.com/media/G6sQN9-bMAAFfYd.jpg","","in","","0","4","8","https://x.com/undefined/status/1993707131376447587","1260798424393211904",
"1995681367213179178","Tue Dec 02 04:04:13 +0000 2025","4","@thebabayega_ @Jadidan607 lah ini sisa lho pak misal ya sisa 30% beli awal jadi berapa x awal tuh? https://t.co/Dk8C7dtMkY","1995705537452016078","https://pbs.twimg.com/media/G7IriHqbMAAkm82.jpg","thebabayega_","in","","0","1","0","https://x.com/undefined/status/1995705537452016078","1260798424393211904",
"1994659996299399222","Sat Nov 29 06:49:36 +0000 2025","2225","Oo caranya ditanami bukan ditebangi ya?","1994659996299399222","","","in","","10","25","1004","https://x.com/undefined/status/1994659996299399222","1260798424393211904",
"1995721068833636801","Tue Dec 02 05:05:56 +0000 2025","807","When to sell di IHSG versi gua: 1. Open gap up di atas 5%. 2. Naik kenceng di atas 10% selama periode jam 9 dan 10. 3. Jebol support menjelang jam 10 jam 11an dan stgh 4. 4. IEP naik kenceng.","1995721068833636801","","","in","","2","5","135","https://x.com/undefined/status/1995721068833636801","111282707",
"1993940884115869898","Thu Nov 27 07:12:07 +0000 2025","22","Lumayaaaan sidia kasih cuan","1993940884115869898","","","in","","0","5","0","https://x.com/undefined/status/1993940884115869898","1260798424393211904",
"1995378777380311426","Mon Dec 01 06:25:47 +0000 2025","16","not me tiba2 bahas IHSG di siang bolong saatnya kembali mjd akun perek lanang‍‍","1995378777380311426","","","in","","0","4","0","https://x.com/undefined/status/1995378777380311426","1404815886394003480",
"1995256407218933829","Sun Nov 30 22:19:32 +0000 2025","12","bro kira laju IHSG menunjukkan keadaan ekonomi mikro di masyakarat https://t.co/4TrVPVYTig","1995256407218933829","https://pbs.twimg.com/tweet_video_thumb/G7CTH2fakAAA_0Y.jpg","","in","","0","0","2","https://x.com/undefined/status/1995256407218933829","1192248803132203009",
"1993982484024053862","Thu Nov 27 09:57:25 +0000 2025","72","Wah bank kena bobol?","1993982484024053862","","","in","","0","4","10","https://x.com/undefined/status/1993982484024053862","1260798424393211904",
"1992835473505739064","Mon Nov 24 05:59:36 +0000 2025","59","Jangan diversifikasi kalau tujuannya hanya untuk diversifikasi sampai2 beli saham yg ga bagus (deworsesification) tapi sangat ok untuk diversifikasi yg terjadi karena banyaknya saham yg berpotensi bagus dan terus dibeli. Peter Lynch punya banyak saham bukan tujuan","1992835473505739064","","","in","","0","2","1","https://x.com/undefined/status/1992835473505739064","1260798424393211904",
"1993470176172687746","Wed Nov 26 00:01:41 +0000 2025","14","beatiful charts #originalcia untuk paham ketat superketat theone klik https://t.co/v6ddaAxXWH bukan ajakan jual beli mau bincang diskusi saham gratis ke sini https://t.co/RieUm0WVwY sekalian cek CIA in action disitu #Profitloungecia mau coba charting CIA gratis ke sini https://t.co/8sGt0w0iM9","1993470176172687746","https://pbs.twimg.com/media/G6o5qzcboAASIBO.jpg","","in","","0","0","2","https://x.com/undefined/status/1993470176172687746","1260798424393211904",
"1992783914835042376","Mon Nov 24 02:38:10 +0000 2025","12","Pola yg Selalu Terulang Kalau lu lihat data seasonality IHSG 10 tahun terakhir : Probabilitas IHSG hijau di bulan Desember = 78% https://t.co/okYOZGyk12","1992784782271603010","https://pbs.twimg.com/media/G6fLMTAaQAAeGdR.png","buildportosaham","in","","0","1","0","https://x.com/undefined/status/1992784782271603010","1909069879136956417",
"1993922722016231591","Thu Nov 27 05:59:56 +0000 2025","18","Kelas ini saya yg ngajar yuk ikutan untuk daftar https://t.co/VPAkOJGdLz untuk buka akun YJ ke ibu @EvaMalca see you in class guys https://t.co/krE21hYM9i","1993922722016231591","https://pbs.twimg.com/media/G6vV9hRawAAn9mo.jpg","","in","","2","1","4","https://x.com/undefined/status/1993922722016231591","1260798424393211904",
"1993252440452350419","Tue Nov 25 09:36:29 +0000 2025","15","Kelas CIA LIVE online gmeet versi 2026 yang ada hanya setahun sekali telah dibuka. Setiap tahun materi diupgrade riset2 terbaru dimulai 1 desember 2025 sampai 1 Maret 2026 kelas bisa diikuti dari 0 terbatas untuk 200 orang. Teknikal Analisis 2026 fokus mencari saham yg https://t.co/fWiMJYaSJU","1993252440452350419","https://pbs.twimg.com/media/G6lz7hgbwAkTlpj.jpg","","in","","1","1","0","https://x.com/undefined/status/1993252440452350419","1260798424393211904",
"1995852700874146114","Tue Dec 02 13:48:59 +0000 2025","6","MANTUL138: Slot Gacor Mudah Menang RTP Tinggi Maxwin Hari Ini Kalah ? Saldo kembali 100% TANPA SYARAT APAPUN! ANTI RIBET! Slot Dana Gacor Gampang Menang Link Gacor : https://t.co/mDpyWlueXD #slotgacor #Slotgacorhariini https://t.co/JzA2KtRBnp","1995852700874146114","https://pbs.twimg.com/media/G7KxbFQbkAA2zHn.jpg","","in","","0","1","0","https://x.com/undefined/status/1995852700874146114","2787950140",
"1992872658179166220","Mon Nov 24 08:27:22 +0000 2025","8","Konglow lagi main main sama ihsg https://t.co/9cEXWSZMFJ","1992872658179166220","https://pbs.twimg.com/media/G6gbHxJaoAEQE3O.jpg","","in","","0","0","0","https://x.com/undefined/status/1992872658179166220","1453409431",
"1992874856476823982","Mon Nov 24 08:47:21 +0000 2025","18","Dari awal tahun (year-to-date) IHSG sudah naik hampir 21% Luar biasa! https://t.co/pg2zVmvAgj","1992877686721757374","https://pbs.twimg.com/media/G6gfsePbgAAiQ_E.jpg","BigAlphaID","in","","0","0","1","https://x.com/undefined/status/1992877686721757374","958566590768926721",
"1992141166364840436","Sat Nov 22 08:00:40 +0000 2025","12","Tadinya https://t.co/JjuT0j2rPR","1992141166364840436","https://pbs.twimg.com/media/G6WB1XwbcAEdN0J.jpg","","in","","0","0","1","https://x.com/undefined/status/1992141166364840436","1260798424393211904",
"1995705367872110823","Tue Dec 02 04:03:32 +0000 2025","25","seat tersedia lagi 20 pendaftaran kelas kembali dibuka sd tgl 10 desember karena ada beberapa alumni yg tidak mengambil upgrade 2026 seat yg awalnya di hold sudah dibuka untuk umum jadi silahkan yg masih berminat untuk mendaftar baiknya sebelum tgl 10 desember sebelum gmeet https://t.co/esxbxqrwN0","1995705367872110823","https://pbs.twimg.com/media/G7IpuUPaYAEYDJD.png","","in","","0","0","3","https://x.com/undefined/status/1995705367872110823","1260798424393211904",
"1994669466656157990","Sat Nov 29 08:29:21 +0000 2025","5","@WOLF_of_IHSG Tapi kata stream stockbit katanya high risk karena modalnya dari utang dan penjualan customernya sedikit","1994685097057136788","","WOLF_of_IHSG","in","","0","4","0","https://x.com/undefined/status/1994685097057136788","1615462958",
"1992053293623951636","Sat Nov 22 02:11:30 +0000 2025","55","$sofa Waktu beli saya belum tau akan senaik ini tapi sofa selaras dengan trend backdoor 2025 kriteria dia masuk dan dari TA saya udah tau dia akan trending up. Superketat dan lalu above all ma (#originalcia) TA memang tau duluan Nah akhirnya Oktober ada news AIC mau take over","1992053293623951636","","","in","","0","3","5","https://x.com/undefined/status/1992053293623951636","1260798424393211904",
"1994224638071611469","Fri Nov 28 01:59:39 +0000 2025","12","Percepatan trend $IHSG bisa kawal pakai EMA5 jadi supportnya Kalau jebol baru waspada lagi ","1994224638071611469","","","in","","0","1","0","https://x.com/undefined/status/1994224638071611469","1815586215678353408",
"1992887542249611650","Mon Nov 24 09:26:30 +0000 2025","33","the power of sisa #ciaway kalau saham naik di atas 20% ga usah tp semua biarin aja kenapa sih profitnya? ambil aja modalnya doang buat trading yg lain.. dan sisakan lah sebagian untungnya 20% total lot awal ya udh kalau ga rela atau buat ganti cl 10% deh sisakan nah sisa itu","1992887542249611650","","","in","","0","1","2","https://x.com/undefined/status/1992887542249611650","1260798424393211904",
"1996068792158617772","Wed Dec 03 04:07:39 +0000 2025","0","IHSG Cetak Rekor Tertinggi Sepanjang Masa 265 Saham Menguat https://t.co/I3cQUryT1k","1996068792158617772","","","in","","0","0","0","https://x.com/undefined/status/1996068792158617772","990237626",
"1993607476982509634","Wed Nov 26 09:07:16 +0000 2025","8","mau bincang diskusi saham gratis ke sini https://t.co/RieUm0WVwY sekalian cek CIA in action disitu #Profitloungecia mau coba charting CIA gratis ke sini https://t.co/JRLqAlk8tM kalau suka mau langganan kontak bu https://t.co/7LcCJJMxuT mau belajar kelas saham dasar gratis ke","1993607476982509634","","","in","","0","2","1","https://x.com/undefined/status/1993607476982509634","1260798424393211904",
"1992767973262848267","Mon Nov 24 09:57:13 +0000 2025","2","@TradingDiary2 Ikutan ah semoga dapet. Ceritanya Jumat oktober lalu trump tiba² ngumumin tarif cina dampaknya market dunia merah. Ihsg sabtu libur dong dan banyak orang bilang kalo siap² senin baru terdampak. Senin pagi bertekad tidak masuk sama sekali. Dan benar. Lanjut part 2. https://t.co/DG7Irlddyr","1992895269378122109","https://pbs.twimg.com/media/G6gvr12bwAA59Ga.jpg","TradingDiary2","in","","0","2","0","https://x.com/undefined/status/1992895269378122109","2751022879",
"1992444280179495309","Sun Nov 23 04:05:08 +0000 2025","32","Itu IHSG masih ijo IHSG memang beda","1992444280179495309","","","in","","0","6","1","https://x.com/undefined/status/1992444280179495309","1260798424393211904",
"1994661083806928975","Sat Nov 29 08:06:56 +0000 2025","4","Ini tambahan materi upgrade 2026 nya https://t.co/9ilwofHSTb","1994679454900363643","https://pbs.twimg.com/media/G66GY8BbgAAVsEz.jpg","TradingDiary2","in","","0","0","1","https://x.com/undefined/status/1994679454900363643","1260798424393211904",
"1993620827754168537","Wed Nov 26 11:29:29 +0000 2025","7","@neollexador IHSG 9000 tanpa bbca gimana gitu rasanya ","1993643268324929879","","neollexador","in","","0","3","0","https://x.com/undefined/status/1993643268324929879","493089841",
"1992896382651220003","Mon Nov 24 10:01:38 +0000 2025","92","Si dia above all ma tuh Superketat lagi","1992896382651220003","","","in","","5","14","3","https://x.com/undefined/status/1992896382651220003","1260798424393211904",
"1992863883456028875","Mon Nov 24 07:52:30 +0000 2025","66","woah IHSG naik 20% YTD kasihan MI reksadana saham","1992863883456028875","","","in","","2","3","7","https://x.com/undefined/status/1992863883456028875","1260798424393211904",
"1993578602471035260","Wed Nov 26 07:12:32 +0000 2025","22","breaking news emiten news lelah dibully tiap hari sampai dibuat candaan the next $DADA saham $PURI hari ini naik 22% tapi hal serupa tak terjadi dengan $DADA yang masih betah di 50 terkafar menunggu FCA. https://t.co/8wfV4oo4z0","1993578602471035260","https://pbs.twimg.com/media/G6qc7wsbwAM4QjT.jpg","","in","","0","0","0","https://x.com/undefined/status/1993578602471035260","1260798424393211904",
"1995317988619423854","Mon Dec 01 02:24:14 +0000 2025","2","ID PMI data smoking hot. https://t.co/dDLXAIONHR","1995317988619423854","https://pbs.twimg.com/media/G7DLG4zbIAAKrcO.jpg","","in","","0","0","0","https://x.com/undefined/status/1995317988619423854","165242082",
"1992827519175913683","Mon Nov 24 05:28:00 +0000 2025","4","PERFORMANCE saham CANTIK EMAS dan REBOUND... - saham CANTIK warna COKLAT - saham EMAS warna KUNING dan - saham REBOUND warna HIJAU IHSG 8485 +70 ... https://t.co/ATwppXMuxV","1992827519175913683","https://pbs.twimg.com/media/G6fyBembkAAkPIJ.jpg","","in","","0","0","1","https://x.com/undefined/status/1992827519175913683","2899910497",
"1992950152584413475","Mon Nov 24 13:35:18 +0000 2025","7","#IDXGoodNews IHSG kembali mencetak rekor baru! Pada Senin 24 November 2025 IHSG menembus 8.570 254 melampaui rekor sebelumnya di 8.419 917 (20 November 2025). Kapitalisasi pasar juga mencetak sejarah dengan menembus Rp15.661 triliun lebih tinggi dari rekor sebelumnya https://t.co/6Z9amJE8aX","1992950152584413475","https://pbs.twimg.com/media/G6hhmLgakAAUG8d.jpg","","in","","0","1","3","https://x.com/undefined/status/1992950152584413475","161183813",
"1992421138937544819","Sun Nov 23 02:33:11 +0000 2025","98","yang gini stres kalau portofolionya cuma 1M alias itu all in. kalau 100M sih nyengir ooops aja kali ya ","1992421138937544819","","","in","","0","5","2","https://x.com/undefined/status/1992421138937544819","1260798424393211904",
"1993112226518254024","Tue Nov 25 00:19:19 +0000 2025","75","Saat banyak orang melihat $IHSG bearish saya justru melihat struktur market yang masih bullish. Tidak ada pattern pembalikan sama sekali. Breakout sudah confirm $IHSG 9K tahun ini. https://t.co/XZlplDd3zB","1993112226518254024","https://pbs.twimg.com/media/G6jxLkLbwAYAaVN.jpg","","in","","0","1","6","https://x.com/undefined/status/1993112226518254024","922761748381286400",
"1992861627398680842","Mon Nov 24 07:43:32 +0000 2025","54","Ketika IHSG lebih menjanjikan ketimbang Cryptod ","1992861627398680842","","","in","","0","8","1","https://x.com/undefined/status/1992861627398680842","1471393708478058505",
"1995879394443923770","Tue Dec 02 15:35:03 +0000 2025","6"," RTP Slot Gacor Hari Ini! Main Sekali Cuan Berkali Kali Daftar disini : https://t.co/5mX1LcUegl Mudah maxwin pola gacor terbaru siap dipakai tanpa ribet https://t.co/M3QcDwHBcf","1995879394443923770","https://pbs.twimg.com/media/G7LJsJ5bkAAvl8S.jpg","","in","","0","1","0","https://x.com/undefined/status/1995879394443923770","887720819073327104",
"1995709708418568500","Tue Dec 02 04:20:47 +0000 2025","46","Saham yg bisa ARA adalah saham yg pernah ARA guys Jgn cape cari di saham dablek ndut tapi ingat belinya mild time dekat ma20 ma200 jangan ngejar yg jauh ma yaa Nanti kita bahas lengkapnya di kelas bersama ibu @EvaMalca yaa ayo daftar","1995709708418568500","","","in","","1","1","2","https://x.com/undefined/status/1995709708418568500","1260798424393211904",
"1992845728331534443","Mon Nov 24 06:40:21 +0000 2025","16","nurut kan ihsg? wkwk. otw new ath ambil buy side liquidity besok merah. $IHSG","1992845728331534443","","","in","","0","1","0","https://x.com/undefined/status/1992845728331534443","1780777022475952128",
"1992752867447546263","Mon Nov 24 00:31:21 +0000 2025","84","#BahasSaham #AnalisaEmiten $BRMS masuk MSCI ini kemarin PT Bumi Resources Minerals Tbk. adalah perusahaan pertambangan multi mineral yang beroperasi di Indonesia. mengoperasikan beragam portofolio mineral termasuk tembaga emas seng dan timah. https://t.co/8ahMZbqW9v","1992752867447546263","https://pbs.twimg.com/media/G6etOQsbYAAdKPM.png","","in","","1","0","8","https://x.com/undefined/status/1992752867447546263","1260798424393211904",
"1993606191088558541","Wed Nov 26 09:21:22 +0000 2025","19","@BigAlphaID Berbanding twrbalik bgt ama peforma rupiah yg salah satu terlemah di asia. Ihsg justru jadi bursa paling cuan no 3 di asia ","1993611023916671085","","BigAlphaID","in","","0","2","0","https://x.com/undefined/status/1993611023916671085","1339558695257079809",
"1993861777273311324","Thu Nov 27 01:57:46 +0000 2025","34","IHSG menembus Rekor tapi mengapa dompet masih Tekor? Tanya kenapa? #Hensa","1993861777273311324","","","in","","0","14","2","https://x.com/undefined/status/1993861777273311324","102938290",
"1992839949474054390","Mon Nov 24 06:17:23 +0000 2025","36","saya bilang ke anak saya dalam hal apapun trading/investing/bisnis /bungge jumping/ sky diving/ crocodile wrestling hehe kalau mau lakukan harus belajar dulu kalau ga mau belajar janji jangan pernah lakukan yuk yg nekad trading saham dan RUGI karena lom belajar saya kasih kelas https://t.co/iOwEH432e8","1992839949474054390","https://pbs.twimg.com/tweet_video_thumb/G6f9Xd1aUAALBVx.jpg","","in","","0","2","1","https://x.com/undefined/status/1992839949474054390","1260798424393211904",
"1996029708811862459","Wed Dec 03 01:32:21 +0000 2025","29","Emang bandar ga tau chart? Emang bandar ga tau LK/news? Emang bandar ga tau broksum? sama aja aliran apa juga dia tau ga usah merasa superior dari aliran lain","1996029708811862459","","","in","","1","1","2","https://x.com/undefined/status/1996029708811862459","1260798424393211904",
"1993490645592555856","Wed Nov 26 01:23:01 +0000 2025","8","Kalau guru saham/Crypto saya rasa banyak beda sih kerjanya dan penghasilannya https://t.co/rWyw1nCYdT","1993490645592555856","https://pbs.twimg.com/media/G6pNLKmbwAIpBsl.jpg","","in","","0","2","0","https://x.com/undefined/status/1993490645592555856","1260798424393211904",
"1992548573159043255","Sun Nov 23 10:59:34 +0000 2025","99","Relate ga sama UU BUMN kemarin yg di protes ? Penjelasan Pasal 4B UU BUMN menegaskan bahwa setiap keuntungan dan kerugian yang dialami oleh BUMN tidak termasuk keuntungan ataupun kerugian negara. https://t.co/sGN1FGdc8z keuntungan atau kerugian BUMN yang timbul dari pengelolaan","1992548573159043255","","","in","","0","11","24","https://x.com/undefined/status/1992548573159043255","1260798424393211904",
"1992052781457494503","Sat Nov 22 02:09:28 +0000 2025","35","Investor saham yang berasal dari background bisnis seperti saya biasanya pola pikirnya awal2 biasanya memang full logis bisnis. Dan pake fundamental history yg udah lewat dan untung Dan tidak sadar bahwa bisnis kita sendiri awalnya rugi dan lemah tapi sekarang jadi besar.","1992052781457494503","","","in","","0","1","3","https://x.com/undefined/status/1992052781457494503","1260798424393211904",
"1987804183752564759","Mon Nov 10 08:47:03 +0000 2025","157","Tembus 8.400 IHSG cerak rekor lagi!","1987804183752564759","","","in","","10","8","17","https://x.com/undefined/status/1987804183752564759","958566590768926721",
"1993190003199844678","Tue Nov 25 05:28:23 +0000 2025","15","satu lagi saham di porto supermarket investing CIA mulai menetas hari ini ARA dari awal beli mau tp cl berapa sudah terbuka analisa dan diary ke seluruh member lounge ga buru2 beli santai jual santai maaf yg belum mateng ga diopen masih akum soalnya hahaha warning saham2 yg https://t.co/misx9NOE6D","1993190003199844678","https://pbs.twimg.com/media/G6k6FAGbcAA-aD3.png","","in","","0","1","1","https://x.com/undefined/status/1993190003199844678","1260798424393211904",
"1992881296767701279","Mon Nov 24 09:01:41 +0000 2025","14","percaya ga kalian kalo sebenernya semua ini udah saya rencanain? wkwkwkwk happy ath $IHSG kalo kata beliau sudah saya ungkapkan ","1992881296767701279","","","in","","0","1","0","https://x.com/undefined/status/1992881296767701279","1780777022475952128",
"1992866972577812649","Mon Nov 24 08:04:46 +0000 2025","19","Welcome pasar saham IHSG 85XX Udah cape tapi tetap bisa ATH terus dengan doping saham konglo https://t.co/x5hYyur6Bn","1992866972577812649","https://pbs.twimg.com/media/G6gV80RaEAAJ700.jpg","","in","","1","1","1","https://x.com/undefined/status/1992866972577812649","201965045",
"1995145868895539369","Sun Nov 30 15:00:17 +0000 2025","114","Kalau ihsg mau 9000 caranya gampang Gausah bawa bawa pak PP Gausah bawa bawa big beng Suruh Dcii lock ara trus aja ","1995145868895539369","","","in","","1","5","4","https://x.com/undefined/status/1995145868895539369","1923392690512945152",
"1992439374290772347","Sun Nov 23 03:45:39 +0000 2025","82","#BahasSaham #analisaemiten $BNGA bank naga eh bank niaga yg lagi uptrend PT Bank CIMB Niaga Tbk. atau BNGA bergerak di bidang usaha Bank Umum Bank Devisa dan Bank yang melakukan kegiatan berdasarkan prinsip Syariah https://t.co/0B99ZMRcS8","1992439374290772347","https://pbs.twimg.com/media/G6aPmJcaUAAszRh.png","","in","","1","0","4","https://x.com/undefined/status/1992439374290772347","1260798424393211904",
"1995314229734510666","Mon Dec 01 05:24:08 +0000 2025","117","gue akan mencoba menjelaskan menggunakan bahasa bayi untuk mas @yourhusband93 supaya lain kali debatnya ga keblinger. IHSG tuh indikator ekonomi makro yang ngerasain dampaknya bukan masyarakat seperti kita melainkan investor dan pelaku pasar modal.","1995363263593468264","","donjulido","in","","0","1","4","https://x.com/undefined/status/1995363263593468264","1404815886394003480",
"1993015050119045556","Mon Nov 24 17:53:11 +0000 2025","3","$IHSG asing masuk is real. https://t.co/rTtEGgKqOO","1993015050119045556","https://pbs.twimg.com/media/G6icnReawAA38-Y.jpg","","in","","0","0","0","https://x.com/undefined/status/1993015050119045556","1453308206843789313",
"1992083006895608315","Sat Nov 22 04:09:34 +0000 2025","231","anak saya 11 tahun termotivasi pengen punya uang sendiri (kita ga kasih jajan hehe) minta kerjaan ke saya saya bilang saya sedang susun buku/ kelas financial investing stock market bisnis for kids dan tugas dia susun buku itu eh dia mau tuh padahal cuma jebakan biar dia","1992083006895608315","","","in","","3","6","19","https://x.com/undefined/status/1992083006895608315","1260798424393211904",
"1995133771579085235","Sun Nov 30 14:12:13 +0000 2025","30","ok coba kita tanggapin serius ya.. Katakan ihsg sampe 9000 itu bukan indikasi bahwa ekonomi mikro Indonesia baik-baik saja. ihsg itu kan basically indikator ekonomi makro. duit yang nyangkut disitu bukan duit yg diputerin sama sebagian besar masyarakat. Jadi jaka sembung sih","1995133771579085235","","","in","","0","1","0","https://x.com/undefined/status/1995133771579085235","1860213319078150145",
"1992420276743881171","Sun Nov 23 02:29:46 +0000 2025","331","Ada apa dengan Djarum grup? kemarin BBCA sekarang Djarumnya. ga tanggung tanggung putra mahkota dicekal bagaimana nasib stock universenya ke depan? diskon lagi kah? what do you think?","1992420276743881171","","","in","","5","11","50","https://x.com/undefined/status/1992420276743881171","1260798424393211904",
"1992895289360040225","Mon Nov 24 09:57:17 +0000 2025","10","Bukan cuma mampu cuan lebih besar dari IHSG ketika bullish untuk growing kekayaan kita harus juga mampu rugi lebih kecil dari IHSG . Ilmu jatuh pun harus dikuasai agar selamat. Kaya di Judo https://t.co/nCXe7bZxJy","1992895289360040225","https://pbs.twimg.com/tweet_video_thumb/G6gvsrga0AA9-WP.jpg","","in","","0","1","0","https://x.com/undefined/status/1992895289360040225","1260798424393211904",
"1995835105236189524","Tue Dec 02 12:39:04 +0000 2025","2","idolane cah cah buruh ihsg pancen ngaten jaya selalu pak ","1995835105236189524","","","in","","1","0","0","https://x.com/undefined/status/1995835105236189524","1237675711378255872",
"1995853389188767954","Tue Dec 02 13:51:43 +0000 2025","7","️‍ SLOT GACOR HARI INI ️‍ Situs MANTUL138 merupakan situs game terbaik &amp; Terpercaya 2025 RTP Slot Gacor Hari Ini! Main Sekali Cuan Berkali Kali Daftar disini : https://t.co/FYbpbYaFln https://t.co/olK5RIjPi5","1995853389188767954","https://pbs.twimg.com/media/G7KyDm6bgAEFU_s.jpg","","in","","0","1","0","https://x.com/undefined/status/1995853389188767954","2696145523",
"1993493470749901242","Wed Nov 26 01:34:15 +0000 2025","19","Kadang kalau liat ada kebijakan aneh saya berpikir ini: sebenarnya beneran ga mampu apa ada kepentingan sih? Kok buruk giniii? Kayanya banyak orang yg bisa lebih wise ambil kebijakan lain. Ga mungkin kan mereka bo*** kan itu bisa jadi pimpinan? Pinter kali kan sampe jadi","1993493470749901242","","","in","","1","3","2","https://x.com/undefined/status/1993493470749901242","1260798424393211904",
"1992522370721120392","Sun Nov 23 10:53:43 +0000 2025","2","@hoteliercrypto Iya gimana ya ngitungnya saya total 200 sih","1992547101385826365","","hoteliercrypto","in","","0","1","0","https://x.com/undefined/status/1992547101385826365","1260798424393211904",
"1993648357252976761","Wed Nov 26 11:49:43 +0000 2025","46","Rp 0 sampai cari uang sendiri atau hidup di luar rumah","1993648357252976761","","","in","","0","2","2","https://x.com/undefined/status/1993648357252976761","1260798424393211904",
"1994738121309647004","Sun Nov 30 16:40:37 +0000 2025","390","@yourhusband93 @ganggaliabasal @loveliestbunny @tempodotco Highlights di IHSG doang? Apakabar dollar nyentuh 16k sekian dan ringgit 4k?","1995171119196942801","","yourhusband93","in","","0","1","14","https://x.com/undefined/status/1995171119196942801","2807612520",
"1992166703363670348","Sat Nov 22 09:42:09 +0000 2025","26","untuk sementara yang pasti senin ihsg ijo dan selasa ihsg merah. konfirmasi bullish or bearish ihsg ada pada 2 hari tersebut. pertanyaannya nanti keluar dari consolidation range ke atas atau ke bawah atau masih gitu gitu aja?","1992166703363670348","","","in","","1","1","0","https://x.com/undefined/status/1992166703363670348","1780777022475952128",
"1992490625493790805","Sun Nov 23 07:09:18 +0000 2025","27","$IHSG next week Bullish or Bearish? belum ada konfirmasi jelassss. dia ga nembus low nya sama sekali tapi itu juga bikin liquidityy ibarat ada makanan enak disana dia pasti ambil dulu. https://t.co/BZar5g9c7m","1992490625493790805","https://pbs.twimg.com/media/G6a_EPgbsAA1FMQ.png","","in","","0","0","0","https://x.com/undefined/status/1992490625493790805","1780777022475952128",
"1992527478297084056","Sun Nov 23 10:28:42 +0000 2025","8","@Cheytax_1 Pbv = harga diri/reputasi ","1992540807627522272","","Cheytax_1","in","","0","1","1","https://x.com/undefined/status/1992540807627522272","1260798424393211904",
"1992937556393197761","Mon Nov 24 12:45:15 +0000 2025","346","cari uang keterlaluan sekali nyusahin customer udah gitu ga bisa ngisi pulsa berulang2 biar aktif lama dia kalau masih lama expire ga bisa akumulatif jadi ga nambah masa aktif coba rada2 ini pengen nomer kita angus apa gimana pengen paket2 kita angus? benar2 bisnis jaman","1992937556393197761","","","in","","5","24","110","https://x.com/undefined/status/1992937556393197761","1260798424393211904",
"1992124649040392657","Sat Nov 22 06:55:02 +0000 2025","22","Kejadian lagi Harus ada tindakan sanksi ke sekolahnya sih kata saya. Apalagi yg menyembunyikan demi reputasi sekolahnya.","1992124649040392657","","","in","","0","1","6","https://x.com/undefined/status/1992124649040392657","1260798424393211904",
"1992863814992474342","Mon Nov 24 07:52:13 +0000 2025","81","Breaking: IHSG mencapai target alltime high 8500 hari ini seperti yang doktermarket prediksikan dua tahun lalu. https://t.co/oFmvQIUaLI","1992863814992474342","https://pbs.twimg.com/media/G6gS73_b0AAkYXh.png","","in","","1","6","8","https://x.com/undefined/status/1992863814992474342","311312187",
"1993521503909068954","Wed Nov 26 03:25:39 +0000 2025","52","nah tuh sekuritas yg kemarin sindir2 saingan yg eror sekarang dia yg eror dibalas ga nih?","1993521503909068954","","","in","","0","5","1","https://x.com/undefined/status/1993521503909068954","1260798424393211904",
"1993847909243314647","Thu Nov 27 01:25:07 +0000 2025","1","@thebabayega_ sama lagiiii","1993853559633530889","","thebabayega_","in","","0","2","0","https://x.com/undefined/status/1993853559633530889","1260798424393211904",
"1994551230027501996","Sat Nov 29 08:59:05 +0000 2025","32","@eskepalmilosatu Kalau sudah terjadi memang mudah mending mending","1994692580739776911","","eskepalmilosatu","in","","0","3","3","https://x.com/undefined/status/1994692580739776911","1260798424393211904",
"1994730171451244839","Sat Nov 29 11:28:27 +0000 2025","167","Jangan simpan semua dana di dalam 1 sekuritas saja. Hari ini yg kena M besok ga tau giliran yg mana? https://t.co/hRlwI0xdDc","1994730171451244839","","","in","","13","21","29","https://x.com/undefined/status/1994730171451244839","1260798424393211904",
"1994669466656157990","Sat Nov 29 14:32:28 +0000 2025","5","@Jordymhmd @WOLF_of_IHSG Stop bang lu liat-liat Strem SB","1994776479851581650","","Jordymhmd","in","","0","1","0","https://x.com/undefined/status/1994776479851581650","1345626242557460480",
"1993974708526793127","Thu Nov 27 09:26:31 +0000 2025","17","Wah hari kempes hahaha Untungnya tp tp sebagian","1993974708526793127","","","in","","0","3","1","https://x.com/undefined/status/1993974708526793127","1260798424393211904",
"1992165919083377050","Sat Nov 22 09:39:02 +0000 2025","9","terlalu banyak skenario ihsg buat next week entah bullish or bearish","1992165919083377050","","","in","","0","1","0","https://x.com/undefined/status/1992165919083377050","1780777022475952128",
"1993851939780743572","Thu Nov 27 01:18:41 +0000 2025","28","IHSG (Indeks harga saham bakerok) so far masih sgt strong. Bumi jd motor penggerak utama buat nyedot likuiditas market. Enrg masih terus konsisten gapernah jebol support dinamis MA50 sejak bulan april. Dewa &amp; brms masih cukup aman karena blm jauh ninggalin MA https://t.co/pCObroIgmH","1993851939780743572","https://pbs.twimg.com/media/G6uVxJEa0AAnMYX.jpg","","in","","1","3","0","https://x.com/undefined/status/1993851939780743572","1170586096578678785",
"1993241254944206911","Tue Nov 25 11:50:39 +0000 2025","1","@thebabayega_ mari menabung sisa","1993286207523168393","","thebabayega_","in","","0","1","0","https://x.com/undefined/status/1993286207523168393","1260798424393211904",
"1992610969948938546","Sun Nov 23 15:16:57 +0000 2025","8","3. Total ada 18 juta SID (cmiiw) di Indonesia dan kita masih termasuk bagian awal dari sejarah IHSG yang mudah2an akan semakin didominasi oleh lokal. Aneh sekali rasanya utk bisa make money harus liat dana asing masuk atau ngga. It doesn t feel right if not funny.","1992613348274470929","","judgeBCT","in","","1","1","0","https://x.com/undefined/status/1992613348274470929","1611993518947577858",
"1994738121309647004","Sun Nov 30 23:01:23 +0000 2025","217","@yourhusband93 @ganggaliabasal @loveliestbunny @tempodotco IHSG hasil gorengan bukan riil kondisi negeri kok dibanggain. Apa setolol ini ya pemain saham n indeks?","1995266942182273071","","yourhusband93","in","","0","2","4","https://x.com/undefined/status/1995266942182273071","1954354960323497984",
"1994629223135547525","Sun Nov 30 04:18:10 +0000 2025","4","@neollexador Sid kan ada? Itulah mungkin kenapa dibawa ke pengadilan biar dibuka","1994984272487411967","","neollexador","in","","0","1","0","https://x.com/undefined/status/1994984272487411967","1260798424393211904",
"1994993474157121714","Sun Nov 30 04:54:44 +0000 2025","99","saya kenal orang yg kalau marah ke anaknya (masih smp sma lah) kalimat ini keluar lu kalau belum sekaya gua ga usah bantah gua nurut dulu aja sekarang gua lebih tau hal ini!!! emang yg dibahas itu mengenai study misalnya atau arah karir dll setuju ga??","1994993474157121714","","","in","","0","11","2","https://x.com/undefined/status/1994993474157121714","1260798424393211904",
"1993859034957664399","Thu Nov 27 01:46:52 +0000 2025","253","Tapi di Cina senegara dari dulu hampir tiap hari orang makan mie ga jadi gimana2 tuh negara maju kaya penduduk banyaaak dan panjang umur What do you think?","1993859034957664399","","","in","","1","29","23","https://x.com/undefined/status/1993859034957664399","1260798424393211904",
"1993692371247329677","Wed Nov 26 14:44:36 +0000 2025","5","IHSG jadi otw 8800?? https://t.co/mCqIsD9V1n","1993692371247329677","https://pbs.twimg.com/media/G6sEY4nbwAE0TYj.jpg","","in","","0","0","0","https://x.com/undefined/status/1993692371247329677","1387028810550243331",
