source,target
https://pta.trunojoyo.ac.id/c_search/byprod/7,https://pta.trunojoyo.ac.id/c_search/byprod/21
https://pta.trunojoyo.ac.id/c_search/byprod/7,https://pta.trunojoyo.ac.id/c_search/byprod/22
https://pta.trunojoyo.ac.id/c_search/byprod/7,https://pta.trunojoyo.ac.id/c_search/byfac/4
https://pta.trunojoyo.ac.id/c_search/byprod/7,https://pta.trunojoyo.ac.id/c_search/byprod/32
https://pta.trunojoyo.ac.id/c_search/byprod/7,https://pta.trunojoyo.ac.id/c_search/byprod/19
https://pta.trunojoyo.ac.id/c_search/byprod/7,https://pta.trunojoyo.ac.id/welcome/detail/090211200001
https://pta.trunojoyo.ac.id/c_search/byprod/7,https://pta.trunojoyo.ac.id/c_search/byfac/1
https://pta.trunojoyo.ac.id/c_search/byprod/7,https://pta.trunojoyo.ac.id/c_search/byprod/2
https://pta.trunojoyo.ac.id/c_search/byprod/7,https://pta.trunojoyo.ac.id/c_search/byprod/6
https://pta.trunojoyo.ac.id/c_search/byprod/7,https://pta.trunojoyo.ac.id/c_search/byprod/17
https://pta.trunojoyo.ac.id/c_search/byprod/7,https://pta.trunojoyo.ac.id/c_search/
https://pta.trunojoyo.ac.id/c_search/byprod/7,https://pta.trunojoyo.ac.id/c_search/byprod/7/2
https://pta.trunojoyo.ac.id/c_search/byprod/7,https://pta.trunojoyo.ac.id/c_search/byprod/30
https://pta.trunojoyo.ac.id/c_search/byprod/7,https://pta.trunojoyo.ac.id/c_search/byfac/100
https://pta.trunojoyo.ac.id/c_search/byprod/7,https://pta.trunojoyo.ac.id/c_search/byprod/38
https://pta.trunojoyo.ac.id/c_search/byprod/7,https://pta.trunojoyo.ac.id/c_search/byprod/9
https://pta.trunojoyo.ac.id/c_search/byprod/7,https://pta.trunojoyo.ac.id/c_search/byprod/35
https://pta.trunojoyo.ac.id/c_search/byprod/7,https://pta.trunojoyo.ac.id/c_search/byprod/12
https://pta.trunojoyo.ac.id/c_search/byprod/7,https://pta.trunojoyo.ac.id/welcome/detail/100211200002
https://pta.trunojoyo.ac.id/c_search/byprod/7,https://pta.trunojoyo.ac.id/c_search/byprod/7/207
https://pta.trunojoyo.ac.id/c_search/byprod/7,https://pta.trunojoyo.ac.id/c_search/byprod/33
https://pta.trunojoyo.ac.id/c_search/byprod/7,https://pta.trunojoyo.ac.id/c_search/byprod/14
https://pta.trunojoyo.ac.id/c_search/byprod/7,https://pta.trunojoyo.ac.id/c_search/byprod/28
https://pta.trunojoyo.ac.id/c_search/byprod/7,https://pta.trunojoyo.ac.id/c_search/byprod/7/3
https://pta.trunojoyo.ac.id/c_search/byprod/7,https://pta.trunojoyo.ac.id/c_search/byprod/36
https://pta.trunojoyo.ac.id/c_search/byprod/7,https://pta.trunojoyo.ac.id/welcome/detail/080211100050
https://pta.trunojoyo.ac.id/c_search/byprod/7,https://pta.trunojoyo.ac.id/c_search/byprod/3
https://pta.trunojoyo.ac.id/c_search/byprod/7,https://pta.trunojoyo.ac.id/c_search/byprod/25
https://pta.trunojoyo.ac.id/c_search/byprod/7,https://pta.trunojoyo.ac.id/welcome/detail/080211100044
https://pta.trunojoyo.ac.id/c_search/byprod/7,https://pta.trunojoyo.ac.id/c_search/byprod/20
https://pta.trunojoyo.ac.id/c_search/byprod/7,https://pta.trunojoyo.ac.id/c_search/byprod/11
https://pta.trunojoyo.ac.id/c_search/byprod/7,https://pta.trunojoyo.ac.id/c_search/byprod/41
https://pta.trunojoyo.ac.id/c_search/byprod/7,https://pta.trunojoyo.ac.id/c_search/byprod/39
https://pta.trunojoyo.ac.id/c_search/byprod/7,https://pta.trunojoyo.ac.id/c_search/byprod/23
https://pta.trunojoyo.ac.id/c_search/byprod/7,https://pta.trunojoyo.ac.id/c_search/byprod/40
https://pta.trunojoyo.ac.id/c_search/byprod/7,https://pta.trunojoyo.ac.id/c_search/byprod/16
https://pta.trunojoyo.ac.id/c_search/byprod/7,https://pta.trunojoyo.ac.id/c_search/byprod/13
https://pta.trunojoyo.ac.id/c_search/byprod/7,https://pta.trunojoyo.ac.id/c_search/byprod/15
https://pta.trunojoyo.ac.id/c_search/byprod/7,https://pta.trunojoyo.ac.id/c_search/byprod/37
https://pta.trunojoyo.ac.id/c_search/byprod/7,https://pta.trunojoyo.ac.id/c_search/byprod/1
https://pta.trunojoyo.ac.id/c_search/byprod/7,https://pta.trunojoyo.ac.id/c_search/byfac/2
https://pta.trunojoyo.ac.id/c_search/byprod/7,https://pta.trunojoyo.ac.id/c_search/byprod/7
https://pta.trunojoyo.ac.id/c_search/byprod/7,https://pta.trunojoyo.ac.id/c_search/byfac/99
https://pta.trunojoyo.ac.id/c_search/byprod/7,https://pta.trunojoyo.ac.id/c_search/byfac/5
https://pta.trunojoyo.ac.id/c_search/byprod/7,https://pta.trunojoyo.ac.id/c_search/byprod/10
https://pta.trunojoyo.ac.id/c_search/byprod/7,https://pta.trunojoyo.ac.id/c_search/byprod/27
https://pta.trunojoyo.ac.id/c_search/byprod/7,https://pta.trunojoyo.ac.id/c_search/byprod/4
https://pta.trunojoyo.ac.id/c_search/byprod/7,https://pta.trunojoyo.ac.id/c_search/byfac/3
https://pta.trunojoyo.ac.id/c_search/byprod/7,https://pta.trunojoyo.ac.id/c_search/byprod/29
https://pta.trunojoyo.ac.id/c_search/byprod/7,https://pta.trunojoyo.ac.id/c_search/byprod/31
https://pta.trunojoyo.ac.id/c_search/byprod/7,https://pta.trunojoyo.ac.id/welcome/detail/080211100070
https://pta.trunojoyo.ac.id/c_search/byprod/7,https://pta.trunojoyo.ac.id/c_search/byprod/5
https://pta.trunojoyo.ac.id/c_search/byprod/7,https://pta.trunojoyo.ac.id/c_search/byprod/26
https://pta.trunojoyo.ac.id/c_search/byprod/7,https://pta.trunojoyo.ac.id/
https://pta.trunojoyo.ac.id/c_search/byprod/7,https://pta.trunojoyo.ac.id/c_search/byfac/7
https://pta.trunojoyo.ac.id/c_search/byprod/7,https://pta.trunojoyo.ac.id/c_template/
https://pta.trunojoyo.ac.id/c_search/byprod/7,https://pta.trunojoyo.ac.id/c_contact/
https://pta.trunojoyo.ac.id/c_search/byprod/7,https://pta.trunojoyo.ac.id/c_search/byfac/6
https://pta.trunojoyo.ac.id/c_search/byprod/7,https://pta.trunojoyo.ac.id/c_search/byprod/24
https://pta.trunojoyo.ac.id/c_search/byprod/7,https://pta.trunojoyo.ac.id/c_search/byprod/99
https://pta.trunojoyo.ac.id/c_search/byprod/7,https://pta.trunojoyo.ac.id/c_search/byprod/8
https://pta.trunojoyo.ac.id/c_search/byprod/7,https://pta.trunojoyo.ac.id/c_search/byprod/18
https://pta.trunojoyo.ac.id/c_search/byprod/21,https://pta.trunojoyo.ac.id/c_search/byprod/21
https://pta.trunojoyo.ac.id/c_search/byprod/21,https://pta.trunojoyo.ac.id/c_search/byprod/21/2
https://pta.trunojoyo.ac.id/c_search/byprod/21,https://pta.trunojoyo.ac.id/c_search/byprod/22
https://pta.trunojoyo.ac.id/c_search/byprod/21,https://pta.trunojoyo.ac.id/c_search/byfac/4
https://pta.trunojoyo.ac.id/c_search/byprod/21,https://pta.trunojoyo.ac.id/c_search/byprod/32
https://pta.trunojoyo.ac.id/c_search/byprod/21,https://pta.trunojoyo.ac.id/welcome/detail/100241100003
https://pta.trunojoyo.ac.id/c_search/byprod/21,https://pta.trunojoyo.ac.id/c_search/byprod/19
https://pta.trunojoyo.ac.id/c_search/byprod/21,https://pta.trunojoyo.ac.id/c_search/byprod/2
https://pta.trunojoyo.ac.id/c_search/byprod/21,https://pta.trunojoyo.ac.id/c_search/byfac/1
https://pta.trunojoyo.ac.id/c_search/byprod/21,https://pta.trunojoyo.ac.id/c_search/byprod/6
https://pta.trunojoyo.ac.id/c_search/byprod/21,https://pta.trunojoyo.ac.id/c_search/byprod/17
https://pta.trunojoyo.ac.id/c_search/byprod/21,https://pta.trunojoyo.ac.id/c_search/
https://pta.trunojoyo.ac.id/c_search/byprod/21,https://pta.trunojoyo.ac.id/c_search/byprod/30
https://pta.trunojoyo.ac.id/c_search/byprod/21,https://pta.trunojoyo.ac.id/c_search/byfac/100
https://pta.trunojoyo.ac.id/c_search/byprod/21,https://pta.trunojoyo.ac.id/welcome/detail/100241100002
https://pta.trunojoyo.ac.id/c_search/byprod/21,https://pta.trunojoyo.ac.id/c_search/byprod/38
https://pta.trunojoyo.ac.id/c_search/byprod/21,https://pta.trunojoyo.ac.id/c_search/byprod/9
https://pta.trunojoyo.ac.id/c_search/byprod/21,https://pta.trunojoyo.ac.id/c_search/byprod/35
https://pta.trunojoyo.ac.id/c_search/byprod/21,https://pta.trunojoyo.ac.id/c_search/byprod/12
https://pta.trunojoyo.ac.id/c_search/byprod/21,https://pta.trunojoyo.ac.id/c_search/byprod/14
https://pta.trunojoyo.ac.id/c_search/byprod/21,https://pta.trunojoyo.ac.id/c_search/byprod/33
https://pta.trunojoyo.ac.id/c_search/byprod/21,https://pta.trunojoyo.ac.id/c_search/byprod/28
https://pta.trunojoyo.ac.id/c_search/byprod/21,https://pta.trunojoyo.ac.id/c_search/byprod/21/3
https://pta.trunojoyo.ac.id/c_search/byprod/21,https://pta.trunojoyo.ac.id/welcome/detail/100241100004
https://pta.trunojoyo.ac.id/c_search/byprod/21,https://pta.trunojoyo.ac.id/c_search/byprod/36
https://pta.trunojoyo.ac.id/c_search/byprod/21,https://pta.trunojoyo.ac.id/welcome/detail/100241100013
https://pta.trunojoyo.ac.id/c_search/byprod/21,https://pta.trunojoyo.ac.id/c_search/byprod/3
https://pta.trunojoyo.ac.id/c_search/byprod/21,https://pta.trunojoyo.ac.id/c_search/byprod/25
https://pta.trunojoyo.ac.id/c_search/byprod/21,https://pta.trunojoyo.ac.id/c_search/byprod/20
https://pta.trunojoyo.ac.id/c_search/byprod/21,https://pta.trunojoyo.ac.id/c_search/byprod/11
https://pta.trunojoyo.ac.id/c_search/byprod/21,https://pta.trunojoyo.ac.id/c_search/byprod/41
https://pta.trunojoyo.ac.id/c_search/byprod/21,https://pta.trunojoyo.ac.id/c_search/byprod/39
https://pta.trunojoyo.ac.id/c_search/byprod/21,https://pta.trunojoyo.ac.id/c_search/byprod/23
https://pta.trunojoyo.ac.id/c_search/byprod/21,https://pta.trunojoyo.ac.id/c_search/byprod/40
https://pta.trunojoyo.ac.id/c_search/byprod/21,https://pta.trunojoyo.ac.id/c_search/byprod/16
https://pta.trunojoyo.ac.id/c_search/byprod/21,https://pta.trunojoyo.ac.id/c_search/byprod/13
https://pta.trunojoyo.ac.id/c_search/byprod/21,https://pta.trunojoyo.ac.id/c_search/byprod/15
https://pta.trunojoyo.ac.id/c_search/byprod/21,https://pta.trunojoyo.ac.id/c_search/byprod/37
https://pta.trunojoyo.ac.id/c_search/byprod/21,https://pta.trunojoyo.ac.id/c_search/byprod/1
https://pta.trunojoyo.ac.id/c_search/byprod/21,https://pta.trunojoyo.ac.id/c_search/byfac/2
https://pta.trunojoyo.ac.id/c_search/byprod/21,https://pta.trunojoyo.ac.id/c_search/byprod/7
https://pta.trunojoyo.ac.id/c_search/byprod/21,https://pta.trunojoyo.ac.id/c_search/byfac/99
https://pta.trunojoyo.ac.id/c_search/byprod/21,https://pta.trunojoyo.ac.id/c_search/byfac/5
https://pta.trunojoyo.ac.id/c_search/byprod/21,https://pta.trunojoyo.ac.id/c_search/byprod/10
https://pta.trunojoyo.ac.id/c_search/byprod/21,https://pta.trunojoyo.ac.id/c_search/byprod/27
https://pta.trunojoyo.ac.id/c_search/byprod/21,https://pta.trunojoyo.ac.id/c_search/byprod/4
https://pta.trunojoyo.ac.id/c_search/byprod/21,https://pta.trunojoyo.ac.id/c_search/byfac/3
https://pta.trunojoyo.ac.id/c_search/byprod/21,https://pta.trunojoyo.ac.id/welcome/detail/100241100007
https://pta.trunojoyo.ac.id/c_search/byprod/21,https://pta.trunojoyo.ac.id/c_search/byprod/21/31
https://pta.trunojoyo.ac.id/c_search/byprod/21,https://pta.trunojoyo.ac.id/c_search/byprod/31
https://pta.trunojoyo.ac.id/c_search/byprod/21,https://pta.trunojoyo.ac.id/c_search/byprod/29
https://pta.trunojoyo.ac.id/c_search/byprod/21,https://pta.trunojoyo.ac.id/c_search/byprod/5
https://pta.trunojoyo.ac.id/c_search/byprod/21,https://pta.trunojoyo.ac.id/c_search/byprod/26
https://pta.trunojoyo.ac.id/c_search/byprod/21,https://pta.trunojoyo.ac.id/
https://pta.trunojoyo.ac.id/c_search/byprod/21,https://pta.trunojoyo.ac.id/c_search/byfac/7
https://pta.trunojoyo.ac.id/c_search/byprod/21,https://pta.trunojoyo.ac.id/c_template/
https://pta.trunojoyo.ac.id/c_search/byprod/21,https://pta.trunojoyo.ac.id/c_contact/
https://pta.trunojoyo.ac.id/c_search/byprod/21,https://pta.trunojoyo.ac.id/c_search/byfac/6
https://pta.trunojoyo.ac.id/c_search/byprod/21,https://pta.trunojoyo.ac.id/c_search/byprod/24
https://pta.trunojoyo.ac.id/c_search/byprod/21,https://pta.trunojoyo.ac.id/c_search/byprod/99
https://pta.trunojoyo.ac.id/c_search/byprod/21,https://pta.trunojoyo.ac.id/c_search/byprod/8
https://pta.trunojoyo.ac.id/c_search/byprod/21,https://pta.trunojoyo.ac.id/c_search/byprod/18
https://pta.trunojoyo.ac.id/c_search/byprod/22,https://pta.trunojoyo.ac.id/c_search/byprod/21
https://pta.trunojoyo.ac.id/c_search/byprod/22,https://pta.trunojoyo.ac.id/c_search/byprod/22
https://pta.trunojoyo.ac.id/c_search/byprod/22,https://pta.trunojoyo.ac.id/c_search/byprod/22/3
https://pta.trunojoyo.ac.id/c_search/byprod/22,https://pta.trunojoyo.ac.id/c_search/byfac/4
https://pta.trunojoyo.ac.id/c_search/byprod/22,https://pta.trunojoyo.ac.id/c_search/byprod/32
https://pta.trunojoyo.ac.id/c_search/byprod/22,https://pta.trunojoyo.ac.id/c_search/byprod/19
https://pta.trunojoyo.ac.id/c_search/byprod/22,https://pta.trunojoyo.ac.id/c_search/byprod/2
https://pta.trunojoyo.ac.id/c_search/byprod/22,https://pta.trunojoyo.ac.id/c_search/byfac/1
https://pta.trunojoyo.ac.id/c_search/byprod/22,https://pta.trunojoyo.ac.id/c_search/byprod/6
https://pta.trunojoyo.ac.id/c_search/byprod/22,https://pta.trunojoyo.ac.id/c_search/byprod/17
https://pta.trunojoyo.ac.id/c_search/byprod/22,https://pta.trunojoyo.ac.id/welcome/detail/130261100014
https://pta.trunojoyo.ac.id/c_search/byprod/22,https://pta.trunojoyo.ac.id/c_search/
https://pta.trunojoyo.ac.id/c_search/byprod/22,https://pta.trunojoyo.ac.id/c_search/byprod/30
https://pta.trunojoyo.ac.id/c_search/byprod/22,https://pta.trunojoyo.ac.id/welcome/detail/130261100012
https://pta.trunojoyo.ac.id/c_search/byprod/22,https://pta.trunojoyo.ac.id/c_search/byfac/100
https://pta.trunojoyo.ac.id/c_search/byprod/22,https://pta.trunojoyo.ac.id/c_search/byprod/38
https://pta.trunojoyo.ac.id/c_search/byprod/22,https://pta.trunojoyo.ac.id/c_search/byprod/9
https://pta.trunojoyo.ac.id/c_search/byprod/22,https://pta.trunojoyo.ac.id/welcome/detail/130261100002
https://pta.trunojoyo.ac.id/c_search/byprod/22,https://pta.trunojoyo.ac.id/c_search/byprod/35
https://pta.trunojoyo.ac.id/c_search/byprod/22,https://pta.trunojoyo.ac.id/c_search/byprod/12
https://pta.trunojoyo.ac.id/c_search/byprod/22,https://pta.trunojoyo.ac.id/c_search/byprod/14
https://pta.trunojoyo.ac.id/c_search/byprod/22,https://pta.trunojoyo.ac.id/c_search/byprod/33
https://pta.trunojoyo.ac.id/c_search/byprod/22,https://pta.trunojoyo.ac.id/c_search/byprod/28
https://pta.trunojoyo.ac.id/c_search/byprod/22,https://pta.trunojoyo.ac.id/c_search/byprod/36
https://pta.trunojoyo.ac.id/c_search/byprod/22,https://pta.trunojoyo.ac.id/c_search/byprod/3
https://pta.trunojoyo.ac.id/c_search/byprod/22,https://pta.trunojoyo.ac.id/welcome/detail/130261100017
https://pta.trunojoyo.ac.id/c_search/byprod/22,https://pta.trunojoyo.ac.id/c_search/byprod/25
https://pta.trunojoyo.ac.id/c_search/byprod/22,https://pta.trunojoyo.ac.id/welcome/detail/130261100005
https://pta.trunojoyo.ac.id/c_search/byprod/22,https://pta.trunojoyo.ac.id/c_search/byprod/20
https://pta.trunojoyo.ac.id/c_search/byprod/22,https://pta.trunojoyo.ac.id/c_search/byprod/11
https://pta.trunojoyo.ac.id/c_search/byprod/22,https://pta.trunojoyo.ac.id/c_search/byprod/41
https://pta.trunojoyo.ac.id/c_search/byprod/22,https://pta.trunojoyo.ac.id/c_search/byprod/39
https://pta.trunojoyo.ac.id/c_search/byprod/22,https://pta.trunojoyo.ac.id/c_search/byprod/23
https://pta.trunojoyo.ac.id/c_search/byprod/22,https://pta.trunojoyo.ac.id/c_search/byprod/40
https://pta.trunojoyo.ac.id/c_search/byprod/22,https://pta.trunojoyo.ac.id/c_search/byprod/16
https://pta.trunojoyo.ac.id/c_search/byprod/22,https://pta.trunojoyo.ac.id/c_search/byprod/13
https://pta.trunojoyo.ac.id/c_search/byprod/22,https://pta.trunojoyo.ac.id/c_search/byprod/15
https://pta.trunojoyo.ac.id/c_search/byprod/22,https://pta.trunojoyo.ac.id/c_search/byprod/37
https://pta.trunojoyo.ac.id/c_search/byprod/22,https://pta.trunojoyo.ac.id/c_search/byprod/1
https://pta.trunojoyo.ac.id/c_search/byprod/22,https://pta.trunojoyo.ac.id/c_search/byfac/2
https://pta.trunojoyo.ac.id/c_search/byprod/22,https://pta.trunojoyo.ac.id/c_search/byprod/7
https://pta.trunojoyo.ac.id/c_search/byprod/22,https://pta.trunojoyo.ac.id/c_search/byfac/99
https://pta.trunojoyo.ac.id/c_search/byprod/22,https://pta.trunojoyo.ac.id/c_search/byfac/5
https://pta.trunojoyo.ac.id/c_search/byprod/22,https://pta.trunojoyo.ac.id/c_search/byprod/22/2
https://pta.trunojoyo.ac.id/c_search/byprod/22,https://pta.trunojoyo.ac.id/c_search/byprod/10
https://pta.trunojoyo.ac.id/c_search/byprod/22,https://pta.trunojoyo.ac.id/c_search/byprod/4
https://pta.trunojoyo.ac.id/c_search/byprod/22,https://pta.trunojoyo.ac.id/c_search/byprod/27
https://pta.trunojoyo.ac.id/c_search/byprod/22,https://pta.trunojoyo.ac.id/c_search/byfac/3
https://pta.trunojoyo.ac.id/c_search/byprod/22,https://pta.trunojoyo.ac.id/c_search/byprod/29
https://pta.trunojoyo.ac.id/c_search/byprod/22,https://pta.trunojoyo.ac.id/c_search/byprod/22/14
https://pta.trunojoyo.ac.id/c_search/byprod/22,https://pta.trunojoyo.ac.id/c_search/byprod/31
https://pta.trunojoyo.ac.id/c_search/byprod/22,https://pta.trunojoyo.ac.id/c_search/byprod/5
https://pta.trunojoyo.ac.id/c_search/byprod/22,https://pta.trunojoyo.ac.id/c_search/byprod/26
https://pta.trunojoyo.ac.id/c_search/byprod/22,https://pta.trunojoyo.ac.id/
https://pta.trunojoyo.ac.id/c_search/byprod/22,https://pta.trunojoyo.ac.id/c_search/byfac/7
https://pta.trunojoyo.ac.id/c_search/byprod/22,https://pta.trunojoyo.ac.id/c_template/
https://pta.trunojoyo.ac.id/c_search/byprod/22,https://pta.trunojoyo.ac.id/c_contact/
https://pta.trunojoyo.ac.id/c_search/byprod/22,https://pta.trunojoyo.ac.id/c_search/byfac/6
https://pta.trunojoyo.ac.id/c_search/byprod/22,https://pta.trunojoyo.ac.id/c_search/byprod/24
https://pta.trunojoyo.ac.id/c_search/byprod/22,https://pta.trunojoyo.ac.id/c_search/byprod/99
https://pta.trunojoyo.ac.id/c_search/byprod/22,https://pta.trunojoyo.ac.id/c_search/byprod/8
https://pta.trunojoyo.ac.id/c_search/byprod/22,https://pta.trunojoyo.ac.id/c_search/byprod/18
https://pta.trunojoyo.ac.id/c_search/byfac/4,https://pta.trunojoyo.ac.id/c_search/byprod/21
https://pta.trunojoyo.ac.id/c_search/byfac/4,https://pta.trunojoyo.ac.id/c_search/byprod/22
https://pta.trunojoyo.ac.id/c_search/byfac/4,https://pta.trunojoyo.ac.id/welcome/detail/040411100476
https://pta.trunojoyo.ac.id/c_search/byfac/4,https://pta.trunojoyo.ac.id/c_search/byfac/4
https://pta.trunojoyo.ac.id/c_search/byfac/4,https://pta.trunojoyo.ac.id/c_search/byprod/32
https://pta.trunojoyo.ac.id/c_search/byfac/4,https://pta.trunojoyo.ac.id/c_search/byprod/19
https://pta.trunojoyo.ac.id/c_search/byfac/4,https://pta.trunojoyo.ac.id/c_search/byprod/2
https://pta.trunojoyo.ac.id/c_search/byfac/4,https://pta.trunojoyo.ac.id/c_search/byfac/1
https://pta.trunojoyo.ac.id/c_search/byfac/4,https://pta.trunojoyo.ac.id/c_search/byprod/6
https://pta.trunojoyo.ac.id/c_search/byfac/4,https://pta.trunojoyo.ac.id/welcome/detail/040411100480
https://pta.trunojoyo.ac.id/c_search/byfac/4,https://pta.trunojoyo.ac.id/c_search/byprod/17
https://pta.trunojoyo.ac.id/c_search/byfac/4,https://pta.trunojoyo.ac.id/c_search/
https://pta.trunojoyo.ac.id/c_search/byfac/4,https://pta.trunojoyo.ac.id/c_search/byprod/30
https://pta.trunojoyo.ac.id/c_search/byfac/4,https://pta.trunojoyo.ac.id/c_search/byfac/100
https://pta.trunojoyo.ac.id/c_search/byfac/4,https://pta.trunojoyo.ac.id/c_search/byfac/4/3
https://pta.trunojoyo.ac.id/c_search/byfac/4,https://pta.trunojoyo.ac.id/c_search/byprod/38
https://pta.trunojoyo.ac.id/c_search/byfac/4,https://pta.trunojoyo.ac.id/c_search/byprod/9
https://pta.trunojoyo.ac.id/c_search/byfac/4,https://pta.trunojoyo.ac.id/c_search/byprod/35
https://pta.trunojoyo.ac.id/c_search/byfac/4,https://pta.trunojoyo.ac.id/c_search/byprod/12
https://pta.trunojoyo.ac.id/c_search/byfac/4,https://pta.trunojoyo.ac.id/c_search/byprod/14
https://pta.trunojoyo.ac.id/c_search/byfac/4,https://pta.trunojoyo.ac.id/c_search/byprod/33
https://pta.trunojoyo.ac.id/c_search/byfac/4,https://pta.trunojoyo.ac.id/c_search/byprod/28
https://pta.trunojoyo.ac.id/c_search/byfac/4,https://pta.trunojoyo.ac.id/c_search/byprod/36
https://pta.trunojoyo.ac.id/c_search/byfac/4,https://pta.trunojoyo.ac.id/c_search/byprod/3
https://pta.trunojoyo.ac.id/c_search/byfac/4,https://pta.trunojoyo.ac.id/c_search/byfac/4/460
https://pta.trunojoyo.ac.id/c_search/byfac/4,https://pta.trunojoyo.ac.id/c_search/byprod/25
https://pta.trunojoyo.ac.id/c_search/byfac/4,https://pta.trunojoyo.ac.id/c_search/byfac/4/2
https://pta.trunojoyo.ac.id/c_search/byfac/4,https://pta.trunojoyo.ac.id/welcome/detail/040411100468
https://pta.trunojoyo.ac.id/c_search/byfac/4,https://pta.trunojoyo.ac.id/c_search/byprod/20
https://pta.trunojoyo.ac.id/c_search/byfac/4,https://pta.trunojoyo.ac.id/c_search/byprod/11
https://pta.trunojoyo.ac.id/c_search/byfac/4,https://pta.trunojoyo.ac.id/c_search/byprod/41
https://pta.trunojoyo.ac.id/c_search/byfac/4,https://pta.trunojoyo.ac.id/c_search/byprod/39
https://pta.trunojoyo.ac.id/c_search/byfac/4,https://pta.trunojoyo.ac.id/c_search/byprod/23
https://pta.trunojoyo.ac.id/c_search/byfac/4,https://pta.trunojoyo.ac.id/c_search/byprod/40
https://pta.trunojoyo.ac.id/c_search/byfac/4,https://pta.trunojoyo.ac.id/c_search/byprod/16
https://pta.trunojoyo.ac.id/c_search/byfac/4,https://pta.trunojoyo.ac.id/c_search/byprod/13
https://pta.trunojoyo.ac.id/c_search/byfac/4,https://pta.trunojoyo.ac.id/c_search/byprod/15
https://pta.trunojoyo.ac.id/c_search/byfac/4,https://pta.trunojoyo.ac.id/c_search/byprod/37
https://pta.trunojoyo.ac.id/c_search/byfac/4,https://pta.trunojoyo.ac.id/c_search/byprod/1
https://pta.trunojoyo.ac.id/c_search/byfac/4,https://pta.trunojoyo.ac.id/c_search/byfac/2
https://pta.trunojoyo.ac.id/c_search/byfac/4,https://pta.trunojoyo.ac.id/c_search/byprod/7
https://pta.trunojoyo.ac.id/c_search/byfac/4,https://pta.trunojoyo.ac.id/c_search/byfac/99
https://pta.trunojoyo.ac.id/c_search/byfac/4,https://pta.trunojoyo.ac.id/c_search/byfac/5
https://pta.trunojoyo.ac.id/c_search/byfac/4,https://pta.trunojoyo.ac.id/c_search/byprod/10
https://pta.trunojoyo.ac.id/c_search/byfac/4,https://pta.trunojoyo.ac.id/c_search/byprod/27
https://pta.trunojoyo.ac.id/c_search/byfac/4,https://pta.trunojoyo.ac.id/welcome/detail/080411100115
https://pta.trunojoyo.ac.id/c_search/byfac/4,https://pta.trunojoyo.ac.id/c_search/byprod/4
https://pta.trunojoyo.ac.id/c_search/byfac/4,https://pta.trunojoyo.ac.id/c_search/byfac/3
https://pta.trunojoyo.ac.id/c_search/byfac/4,https://pta.trunojoyo.ac.id/c_search/byprod/29
https://pta.trunojoyo.ac.id/c_search/byfac/4,https://pta.trunojoyo.ac.id/c_search/byprod/31
https://pta.trunojoyo.ac.id/c_search/byfac/4,https://pta.trunojoyo.ac.id/c_search/byprod/5
https://pta.trunojoyo.ac.id/c_search/byfac/4,https://pta.trunojoyo.ac.id/c_search/byprod/26
https://pta.trunojoyo.ac.id/c_search/byfac/4,https://pta.trunojoyo.ac.id/
https://pta.trunojoyo.ac.id/c_search/byfac/4,https://pta.trunojoyo.ac.id/c_search/byfac/7
https://pta.trunojoyo.ac.id/c_search/byfac/4,https://pta.trunojoyo.ac.id/c_template/
https://pta.trunojoyo.ac.id/c_search/byfac/4,https://pta.trunojoyo.ac.id/c_contact/
https://pta.trunojoyo.ac.id/c_search/byfac/4,https://pta.trunojoyo.ac.id/welcome/detail/070411100070
https://pta.trunojoyo.ac.id/c_search/byfac/4,https://pta.trunojoyo.ac.id/c_search/byprod/24
https://pta.trunojoyo.ac.id/c_search/byfac/4,https://pta.trunojoyo.ac.id/c_search/byfac/6
https://pta.trunojoyo.ac.id/c_search/byfac/4,https://pta.trunojoyo.ac.id/c_search/byprod/8
https://pta.trunojoyo.ac.id/c_search/byfac/4,https://pta.trunojoyo.ac.id/c_search/byprod/18
https://pta.trunojoyo.ac.id/c_search/byfac/4,https://pta.trunojoyo.ac.id/c_search/byprod/99
https://pta.trunojoyo.ac.id/c_search/byprod/32,https://pta.trunojoyo.ac.id/c_search/byprod/21
https://pta.trunojoyo.ac.id/c_search/byprod/32,https://pta.trunojoyo.ac.id/c_search/byprod/22
https://pta.trunojoyo.ac.id/c_search/byprod/32,https://pta.trunojoyo.ac.id/c_search/byfac/4
https://pta.trunojoyo.ac.id/c_search/byprod/32,https://pta.trunojoyo.ac.id/c_search/byprod/32
https://pta.trunojoyo.ac.id/c_search/byprod/32,https://pta.trunojoyo.ac.id/c_search/byprod/19
https://pta.trunojoyo.ac.id/c_search/byprod/32,https://pta.trunojoyo.ac.id/c_search/byprod/2
https://pta.trunojoyo.ac.id/c_search/byprod/32,https://pta.trunojoyo.ac.id/c_search/byfac/1
https://pta.trunojoyo.ac.id/c_search/byprod/32,https://pta.trunojoyo.ac.id/c_search/byprod/6
https://pta.trunojoyo.ac.id/c_search/byprod/32,https://pta.trunojoyo.ac.id/c_search/byprod/17
https://pta.trunojoyo.ac.id/c_search/byprod/32,https://pta.trunojoyo.ac.id/c_search/
https://pta.trunojoyo.ac.id/c_search/byprod/32,https://pta.trunojoyo.ac.id/c_search/byprod/30
https://pta.trunojoyo.ac.id/c_search/byprod/32,https://pta.trunojoyo.ac.id/c_search/byfac/100
https://pta.trunojoyo.ac.id/c_search/byprod/32,https://pta.trunojoyo.ac.id/c_search/byprod/38
https://pta.trunojoyo.ac.id/c_search/byprod/32,https://pta.trunojoyo.ac.id/c_search/byprod/9
https://pta.trunojoyo.ac.id/c_search/byprod/32,https://pta.trunojoyo.ac.id/c_search/byprod/35
https://pta.trunojoyo.ac.id/c_search/byprod/32,https://pta.trunojoyo.ac.id/c_search/byprod/12
https://pta.trunojoyo.ac.id/c_search/byprod/32,https://pta.trunojoyo.ac.id/c_search/byprod/14
https://pta.trunojoyo.ac.id/c_search/byprod/32,https://pta.trunojoyo.ac.id/c_search/byprod/33
https://pta.trunojoyo.ac.id/c_search/byprod/32,https://pta.trunojoyo.ac.id/c_search/byprod/28
https://pta.trunojoyo.ac.id/c_search/byprod/32,https://pta.trunojoyo.ac.id/c_search/byprod/36
https://pta.trunojoyo.ac.id/c_search/byprod/32,https://pta.trunojoyo.ac.id/c_search/byprod/3
https://pta.trunojoyo.ac.id/c_search/byprod/32,https://pta.trunojoyo.ac.id/c_search/byprod/25
https://pta.trunojoyo.ac.id/c_search/byprod/32,https://pta.trunojoyo.ac.id/c_search/byprod/20
https://pta.trunojoyo.ac.id/c_search/byprod/32,https://pta.trunojoyo.ac.id/c_search/byprod/11
https://pta.trunojoyo.ac.id/c_search/byprod/32,https://pta.trunojoyo.ac.id/c_search/byprod/41
https://pta.trunojoyo.ac.id/c_search/byprod/32,https://pta.trunojoyo.ac.id/c_search/byprod/39
https://pta.trunojoyo.ac.id/c_search/byprod/32,https://pta.trunojoyo.ac.id/c_search/byprod/23
https://pta.trunojoyo.ac.id/c_search/byprod/32,https://pta.trunojoyo.ac.id/c_search/byprod/40
https://pta.trunojoyo.ac.id/c_search/byprod/32,https://pta.trunojoyo.ac.id/c_search/byprod/16
https://pta.trunojoyo.ac.id/c_search/byprod/32,https://pta.trunojoyo.ac.id/c_search/byprod/13
https://pta.trunojoyo.ac.id/c_search/byprod/32,https://pta.trunojoyo.ac.id/c_search/byprod/15
https://pta.trunojoyo.ac.id/c_search/byprod/32,https://pta.trunojoyo.ac.id/c_search/byprod/37
https://pta.trunojoyo.ac.id/c_search/byprod/32,https://pta.trunojoyo.ac.id/c_search/byprod/1
https://pta.trunojoyo.ac.id/c_search/byprod/32,https://pta.trunojoyo.ac.id/c_search/byprod/7
https://pta.trunojoyo.ac.id/c_search/byprod/32,https://pta.trunojoyo.ac.id/c_search/byfac/2
https://pta.trunojoyo.ac.id/c_search/byprod/32,https://pta.trunojoyo.ac.id/c_search/byfac/99
https://pta.trunojoyo.ac.id/c_search/byprod/32,https://pta.trunojoyo.ac.id/c_search/byfac/5
https://pta.trunojoyo.ac.id/c_search/byprod/32,https://pta.trunojoyo.ac.id/c_search/byprod/10
https://pta.trunojoyo.ac.id/c_search/byprod/32,https://pta.trunojoyo.ac.id/c_search/byprod/27
https://pta.trunojoyo.ac.id/c_search/byprod/32,https://pta.trunojoyo.ac.id/c_search/byprod/4
https://pta.trunojoyo.ac.id/c_search/byprod/32,https://pta.trunojoyo.ac.id/c_search/byfac/3
https://pta.trunojoyo.ac.id/c_search/byprod/32,https://pta.trunojoyo.ac.id/c_search/byprod/29
https://pta.trunojoyo.ac.id/c_search/byprod/32,https://pta.trunojoyo.ac.id/c_search/byprod/31
https://pta.trunojoyo.ac.id/c_search/byprod/32,https://pta.trunojoyo.ac.id/c_search/byprod/5
https://pta.trunojoyo.ac.id/c_search/byprod/32,https://pta.trunojoyo.ac.id/c_search/byprod/26
https://pta.trunojoyo.ac.id/c_search/byprod/32,https://pta.trunojoyo.ac.id/
https://pta.trunojoyo.ac.id/c_search/byprod/32,https://pta.trunojoyo.ac.id/c_search/byfac/7
https://pta.trunojoyo.ac.id/c_search/byprod/32,https://pta.trunojoyo.ac.id/c_template/
https://pta.trunojoyo.ac.id/c_search/byprod/32,https://pta.trunojoyo.ac.id/c_contact/
https://pta.trunojoyo.ac.id/c_search/byprod/32,https://pta.trunojoyo.ac.id/c_search/byfac/6
https://pta.trunojoyo.ac.id/c_search/byprod/32,https://pta.trunojoyo.ac.id/c_search/byprod/24
https://pta.trunojoyo.ac.id/c_search/byprod/32,https://pta.trunojoyo.ac.id/c_search/byprod/99
https://pta.trunojoyo.ac.id/c_search/byprod/32,https://pta.trunojoyo.ac.id/c_search/byprod/8
https://pta.trunojoyo.ac.id/c_search/byprod/32,https://pta.trunojoyo.ac.id/c_search/byprod/18
https://pta.trunojoyo.ac.id/c_search/byprod/19,https://pta.trunojoyo.ac.id/c_search/byprod/19/27
https://pta.trunojoyo.ac.id/c_search/byprod/19,https://pta.trunojoyo.ac.id/welcome/detail/100471100001
https://pta.trunojoyo.ac.id/c_search/byprod/19,https://pta.trunojoyo.ac.id/c_search/byprod/21
https://pta.trunojoyo.ac.id/c_search/byprod/19,https://pta.trunojoyo.ac.id/c_search/byprod/22
https://pta.trunojoyo.ac.id/c_search/byprod/19,https://pta.trunojoyo.ac.id/welcome/detail/100471100032
https://pta.trunojoyo.ac.id/c_search/byprod/19,https://pta.trunojoyo.ac.id/c_search/byfac/4
https://pta.trunojoyo.ac.id/c_search/byprod/19,https://pta.trunojoyo.ac.id/c_search/byprod/32
https://pta.trunojoyo.ac.id/c_search/byprod/19,https://pta.trunojoyo.ac.id/c_search/byprod/19
https://pta.trunojoyo.ac.id/c_search/byprod/19,https://pta.trunojoyo.ac.id/c_search/byprod/2
https://pta.trunojoyo.ac.id/c_search/byprod/19,https://pta.trunojoyo.ac.id/c_search/byfac/1
https://pta.trunojoyo.ac.id/c_search/byprod/19,https://pta.trunojoyo.ac.id/c_search/byprod/6
https://pta.trunojoyo.ac.id/c_search/byprod/19,https://pta.trunojoyo.ac.id/c_search/byprod/17
https://pta.trunojoyo.ac.id/c_search/byprod/19,https://pta.trunojoyo.ac.id/c_search/
https://pta.trunojoyo.ac.id/c_search/byprod/19,https://pta.trunojoyo.ac.id/c_search/byprod/30
https://pta.trunojoyo.ac.id/c_search/byprod/19,https://pta.trunojoyo.ac.id/c_search/byprod/19/3
https://pta.trunojoyo.ac.id/c_search/byprod/19,https://pta.trunojoyo.ac.id/c_search/byfac/100
https://pta.trunojoyo.ac.id/c_search/byprod/19,https://pta.trunojoyo.ac.id/c_search/byprod/38
https://pta.trunojoyo.ac.id/c_search/byprod/19,https://pta.trunojoyo.ac.id/c_search/byprod/9
https://pta.trunojoyo.ac.id/c_search/byprod/19,https://pta.trunojoyo.ac.id/c_search/byprod/35
https://pta.trunojoyo.ac.id/c_search/byprod/19,https://pta.trunojoyo.ac.id/c_search/byprod/19/2
https://pta.trunojoyo.ac.id/c_search/byprod/19,https://pta.trunojoyo.ac.id/c_search/byprod/12
https://pta.trunojoyo.ac.id/c_search/byprod/19,https://pta.trunojoyo.ac.id/c_search/byprod/14
https://pta.trunojoyo.ac.id/c_search/byprod/19,https://pta.trunojoyo.ac.id/c_search/byprod/33
https://pta.trunojoyo.ac.id/c_search/byprod/19,https://pta.trunojoyo.ac.id/c_search/byprod/28
https://pta.trunojoyo.ac.id/c_search/byprod/19,https://pta.trunojoyo.ac.id/c_search/byprod/36
https://pta.trunojoyo.ac.id/c_search/byprod/19,https://pta.trunojoyo.ac.id/c_search/byprod/3
https://pta.trunojoyo.ac.id/c_search/byprod/19,https://pta.trunojoyo.ac.id/c_search/byprod/25
https://pta.trunojoyo.ac.id/c_search/byprod/19,https://pta.trunojoyo.ac.id/welcome/detail/100471100002
https://pta.trunojoyo.ac.id/c_search/byprod/19,https://pta.trunojoyo.ac.id/welcome/detail/100471100036
https://pta.trunojoyo.ac.id/c_search/byprod/19,https://pta.trunojoyo.ac.id/c_search/byprod/20
https://pta.trunojoyo.ac.id/c_search/byprod/19,https://pta.trunojoyo.ac.id/c_search/byprod/11
https://pta.trunojoyo.ac.id/c_search/byprod/19,https://pta.trunojoyo.ac.id/c_search/byprod/41
https://pta.trunojoyo.ac.id/c_search/byprod/19,https://pta.trunojoyo.ac.id/c_search/byprod/39
https://pta.trunojoyo.ac.id/c_search/byprod/19,https://pta.trunojoyo.ac.id/c_search/byprod/23
https://pta.trunojoyo.ac.id/c_search/byprod/19,https://pta.trunojoyo.ac.id/c_search/byprod/40
https://pta.trunojoyo.ac.id/c_search/byprod/19,https://pta.trunojoyo.ac.id/c_search/byprod/16
https://pta.trunojoyo.ac.id/c_search/byprod/19,https://pta.trunojoyo.ac.id/c_search/byprod/13
https://pta.trunojoyo.ac.id/c_search/byprod/19,https://pta.trunojoyo.ac.id/c_search/byprod/15
https://pta.trunojoyo.ac.id/c_search/byprod/19,https://pta.trunojoyo.ac.id/welcome/detail/100471100034
https://pta.trunojoyo.ac.id/c_search/byprod/19,https://pta.trunojoyo.ac.id/c_search/byprod/37
https://pta.trunojoyo.ac.id/c_search/byprod/19,https://pta.trunojoyo.ac.id/c_search/byprod/1
https://pta.trunojoyo.ac.id/c_search/byprod/19,https://pta.trunojoyo.ac.id/c_search/byfac/2
https://pta.trunojoyo.ac.id/c_search/byprod/19,https://pta.trunojoyo.ac.id/c_search/byprod/7
https://pta.trunojoyo.ac.id/c_search/byprod/19,https://pta.trunojoyo.ac.id/c_search/byfac/99
https://pta.trunojoyo.ac.id/c_search/byprod/19,https://pta.trunojoyo.ac.id/c_search/byfac/5
https://pta.trunojoyo.ac.id/c_search/byprod/19,https://pta.trunojoyo.ac.id/c_search/byprod/10
https://pta.trunojoyo.ac.id/c_search/byprod/19,https://pta.trunojoyo.ac.id/c_search/byprod/27
https://pta.trunojoyo.ac.id/c_search/byprod/19,https://pta.trunojoyo.ac.id/c_search/byprod/4
https://pta.trunojoyo.ac.id/c_search/byprod/19,https://pta.trunojoyo.ac.id/c_search/byfac/3
https://pta.trunojoyo.ac.id/c_search/byprod/19,https://pta.trunojoyo.ac.id/c_search/byprod/29
https://pta.trunojoyo.ac.id/c_search/byprod/19,https://pta.trunojoyo.ac.id/c_search/byprod/31
https://pta.trunojoyo.ac.id/c_search/byprod/19,https://pta.trunojoyo.ac.id/c_search/byprod/5
https://pta.trunojoyo.ac.id/c_search/byprod/19,https://pta.trunojoyo.ac.id/c_search/byprod/26
https://pta.trunojoyo.ac.id/c_search/byprod/19,https://pta.trunojoyo.ac.id/
https://pta.trunojoyo.ac.id/c_search/byprod/19,https://pta.trunojoyo.ac.id/c_search/byfac/7
https://pta.trunojoyo.ac.id/c_search/byprod/19,https://pta.trunojoyo.ac.id/c_template/
https://pta.trunojoyo.ac.id/c_search/byprod/19,https://pta.trunojoyo.ac.id/c_contact/
https://pta.trunojoyo.ac.id/c_search/byprod/19,https://pta.trunojoyo.ac.id/c_search/byfac/6
https://pta.trunojoyo.ac.id/c_search/byprod/19,https://pta.trunojoyo.ac.id/c_search/byprod/24
https://pta.trunojoyo.ac.id/c_search/byprod/19,https://pta.trunojoyo.ac.id/c_search/byprod/99
https://pta.trunojoyo.ac.id/c_search/byprod/19,https://pta.trunojoyo.ac.id/c_search/byprod/8
https://pta.trunojoyo.ac.id/c_search/byprod/19,https://pta.trunojoyo.ac.id/c_search/byprod/18
https://pta.trunojoyo.ac.id/welcome/detail/090211200001,https://pta.trunojoyo.ac.id/uploads/journals/090211200001/090211200001.pdf-8.jpg
https://pta.trunojoyo.ac.id/welcome/detail/090211200001,https://pta.trunojoyo.ac.id/c_search/byprod/21
https://pta.trunojoyo.ac.id/welcome/detail/090211200001,https://pta.trunojoyo.ac.id/c_search/byprod/22
https://pta.trunojoyo.ac.id/welcome/detail/090211200001,https://pta.trunojoyo.ac.id/uploads/journals/090211200001/090211200001.pdf-9.jpg
https://pta.trunojoyo.ac.id/welcome/detail/090211200001,https://pta.trunojoyo.ac.id/c_search/byfac/4
https://pta.trunojoyo.ac.id/welcome/detail/090211200001,https://pta.trunojoyo.ac.id/c_search/byprod/32
https://pta.trunojoyo.ac.id/welcome/detail/090211200001,https://pta.trunojoyo.ac.id/uploads/journals/090211200001/090211200001.pdf-0.jpg
https://pta.trunojoyo.ac.id/welcome/detail/090211200001,https://pta.trunojoyo.ac.id/c_search/byprod/2
https://pta.trunojoyo.ac.id/welcome/detail/090211200001,https://pta.trunojoyo.ac.id/c_search/byfac/1
https://pta.trunojoyo.ac.id/welcome/detail/090211200001,https://pta.trunojoyo.ac.id/c_search/byprod/6
https://pta.trunojoyo.ac.id/welcome/detail/090211200001,https://pta.trunojoyo.ac.id/c_search/byprod/19
https://pta.trunojoyo.ac.id/welcome/detail/090211200001,https://pta.trunojoyo.ac.id/c_search/byprod/17
https://pta.trunojoyo.ac.id/welcome/detail/090211200001,https://pta.trunojoyo.ac.id/c_search/
https://pta.trunojoyo.ac.id/welcome/detail/090211200001,https://pta.trunojoyo.ac.id/c_search/byprod/30
https://pta.trunojoyo.ac.id/welcome/detail/090211200001,https://pta.trunojoyo.ac.id/c_search/byfac/100
https://pta.trunojoyo.ac.id/welcome/detail/090211200001,https://pta.trunojoyo.ac.id/uploads/journals/090211200001/090211200001.pdf-7.jpg
https://pta.trunojoyo.ac.id/welcome/detail/090211200001,https://pta.trunojoyo.ac.id/c_search/byprod/38
https://pta.trunojoyo.ac.id/welcome/detail/090211200001,https://pta.trunojoyo.ac.id/c_search/byprod/9
https://pta.trunojoyo.ac.id/welcome/detail/090211200001,https://pta.trunojoyo.ac.id/c_search/byprod/35
https://pta.trunojoyo.ac.id/welcome/detail/090211200001,https://pta.trunojoyo.ac.id/c_search/byprod/12
https://pta.trunojoyo.ac.id/welcome/detail/090211200001,https://pta.trunojoyo.ac.id/c_search/byprod/14
https://pta.trunojoyo.ac.id/welcome/detail/090211200001,https://pta.trunojoyo.ac.id/c_search/byprod/33
https://pta.trunojoyo.ac.id/welcome/detail/090211200001,https://pta.trunojoyo.ac.id/c_search/byprod/28
https://pta.trunojoyo.ac.id/welcome/detail/090211200001,https://pta.trunojoyo.ac.id/uploads/journals/090211200001/090211200001.pdf-1.jpg
https://pta.trunojoyo.ac.id/welcome/detail/090211200001,https://pta.trunojoyo.ac.id/uploads/journals/090211200001/090211200001.pdf-2.jpg
https://pta.trunojoyo.ac.id/welcome/detail/090211200001,https://pta.trunojoyo.ac.id/c_search/byprod/36
https://pta.trunojoyo.ac.id/welcome/detail/090211200001,https://pta.trunojoyo.ac.id/c_search/byprod/3
https://pta.trunojoyo.ac.id/welcome/detail/090211200001,https://pta.trunojoyo.ac.id/c_search/byprod/25
https://pta.trunojoyo.ac.id/welcome/detail/090211200001,https://pta.trunojoyo.ac.id/uploads/journals/090211200001/090211200001.pdf-10.jpg
https://pta.trunojoyo.ac.id/welcome/detail/090211200001,https://pta.trunojoyo.ac.id/c_search/byprod/20
https://pta.trunojoyo.ac.id/welcome/detail/090211200001,https://pta.trunojoyo.ac.id/c_search/byprod/11
https://pta.trunojoyo.ac.id/welcome/detail/090211200001,https://pta.trunojoyo.ac.id/uploads/journals/090211200001/090211200001.pdf-12.jpg
https://pta.trunojoyo.ac.id/welcome/detail/090211200001,https://pta.trunojoyo.ac.id/c_search/byprod/41
https://pta.trunojoyo.ac.id/welcome/detail/090211200001,https://pta.trunojoyo.ac.id/c_search/byprod/39
https://pta.trunojoyo.ac.id/welcome/detail/090211200001,https://pta.trunojoyo.ac.id/c_search/byprod/23
https://pta.trunojoyo.ac.id/welcome/detail/090211200001,https://pta.trunojoyo.ac.id/c_search/byprod/40
https://pta.trunojoyo.ac.id/welcome/detail/090211200001,https://pta.trunojoyo.ac.id/c_search/byprod/16
https://pta.trunojoyo.ac.id/welcome/detail/090211200001,https://pta.trunojoyo.ac.id/c_search/byprod/13
https://pta.trunojoyo.ac.id/welcome/detail/090211200001,https://pta.trunojoyo.ac.id/c_search/byprod/15
https://pta.trunojoyo.ac.id/welcome/detail/090211200001,https://pta.trunojoyo.ac.id/uploads/journals/090211200001/090211200001.pdf-4.jpg
https://pta.trunojoyo.ac.id/welcome/detail/090211200001,https://pta.trunojoyo.ac.id/c_search/byprod/37
https://pta.trunojoyo.ac.id/welcome/detail/090211200001,https://pta.trunojoyo.ac.id/c_search/byprod/1
https://pta.trunojoyo.ac.id/welcome/detail/090211200001,https://pta.trunojoyo.ac.id/c_search/byfac/2
https://pta.trunojoyo.ac.id/welcome/detail/090211200001,https://pta.trunojoyo.ac.id/c_search/byprod/7
https://pta.trunojoyo.ac.id/welcome/detail/090211200001,https://pta.trunojoyo.ac.id/c_search/byfac/99
https://pta.trunojoyo.ac.id/welcome/detail/090211200001,https://pta.trunojoyo.ac.id/uploads/journals/090211200001/090211200001.pdf-3.jpg
https://pta.trunojoyo.ac.id/welcome/detail/090211200001,https://pta.trunojoyo.ac.id/c_search/byprod/10
https://pta.trunojoyo.ac.id/welcome/detail/090211200001,https://pta.trunojoyo.ac.id/c_search/byfac/5
https://pta.trunojoyo.ac.id/welcome/detail/090211200001,https://pta.trunojoyo.ac.id/c_search/byprod/4
https://pta.trunojoyo.ac.id/welcome/detail/090211200001,https://pta.trunojoyo.ac.id/c_search/byprod/27
https://pta.trunojoyo.ac.id/welcome/detail/090211200001,https://pta.trunojoyo.ac.id/uploads/journals/090211200001/090211200001.pdf-11.jpg
https://pta.trunojoyo.ac.id/welcome/detail/090211200001,https://pta.trunojoyo.ac.id/c_search/byfac/3
https://pta.trunojoyo.ac.id/welcome/detail/090211200001,https://pta.trunojoyo.ac.id/c_search/byprod/29
https://pta.trunojoyo.ac.id/welcome/detail/090211200001,https://pta.trunojoyo.ac.id/uploads/journals/090211200001/090211200001.pdf-5.jpg
https://pta.trunojoyo.ac.id/welcome/detail/090211200001,https://pta.trunojoyo.ac.id/c_search/byprod/31
https://pta.trunojoyo.ac.id/welcome/detail/090211200001,https://pta.trunojoyo.ac.id/c_search/byprod/5
https://pta.trunojoyo.ac.id/welcome/detail/090211200001,https://pta.trunojoyo.ac.id/c_search/byprod/26
https://pta.trunojoyo.ac.id/welcome/detail/090211200001,https://pta.trunojoyo.ac.id/
https://pta.trunojoyo.ac.id/welcome/detail/090211200001,https://pta.trunojoyo.ac.id/c_search/byfac/7
https://pta.trunojoyo.ac.id/welcome/detail/090211200001,https://pta.trunojoyo.ac.id/c_template/
https://pta.trunojoyo.ac.id/welcome/detail/090211200001,https://pta.trunojoyo.ac.id/c_contact/
https://pta.trunojoyo.ac.id/welcome/detail/090211200001,https://pta.trunojoyo.ac.id/uploads/journals/090211200001/090211200001.pdf-6.jpg
https://pta.trunojoyo.ac.id/welcome/detail/090211200001,https://pta.trunojoyo.ac.id/c_search/byprod/24
https://pta.trunojoyo.ac.id/welcome/detail/090211200001,https://pta.trunojoyo.ac.id/c_search/byfac/6
https://pta.trunojoyo.ac.id/welcome/detail/090211200001,https://pta.trunojoyo.ac.id/c_search/byprod/8
https://pta.trunojoyo.ac.id/welcome/detail/090211200001,https://pta.trunojoyo.ac.id/c_search/byprod/18
https://pta.trunojoyo.ac.id/welcome/detail/090211200001,https://pta.trunojoyo.ac.id/c_search/byprod/99
https://pta.trunojoyo.ac.id/c_search/byfac/1,https://pta.trunojoyo.ac.id/c_search/byprod/21
https://pta.trunojoyo.ac.id/c_search/byfac/1,https://pta.trunojoyo.ac.id/welcome/detail/090111100077
https://pta.trunojoyo.ac.id/c_search/byfac/1,https://pta.trunojoyo.ac.id/c_search/byprod/22
https://pta.trunojoyo.ac.id/c_search/byfac/1,https://pta.trunojoyo.ac.id/c_search/byfac/1/2
https://pta.trunojoyo.ac.id/c_search/byfac/1,https://pta.trunojoyo.ac.id/c_search/byfac/4
https://pta.trunojoyo.ac.id/c_search/byfac/1,https://pta.trunojoyo.ac.id/c_search/byprod/32
https://pta.trunojoyo.ac.id/c_search/byfac/1,https://pta.trunojoyo.ac.id/c_search/byprod/19
https://pta.trunojoyo.ac.id/c_search/byfac/1,https://pta.trunojoyo.ac.id/c_search/byprod/2
https://pta.trunojoyo.ac.id/c_search/byfac/1,https://pta.trunojoyo.ac.id/c_search/byfac/1
https://pta.trunojoyo.ac.id/c_search/byfac/1,https://pta.trunojoyo.ac.id/c_search/byprod/6
https://pta.trunojoyo.ac.id/c_search/byfac/1,https://pta.trunojoyo.ac.id/c_search/byprod/17
https://pta.trunojoyo.ac.id/c_search/byfac/1,https://pta.trunojoyo.ac.id/c_search/
https://pta.trunojoyo.ac.id/c_search/byfac/1,https://pta.trunojoyo.ac.id/c_search/byprod/30
https://pta.trunojoyo.ac.id/c_search/byfac/1,https://pta.trunojoyo.ac.id/c_search/byfac/100
https://pta.trunojoyo.ac.id/c_search/byfac/1,https://pta.trunojoyo.ac.id/c_search/byprod/38
https://pta.trunojoyo.ac.id/c_search/byfac/1,https://pta.trunojoyo.ac.id/c_search/byprod/9
https://pta.trunojoyo.ac.id/c_search/byfac/1,https://pta.trunojoyo.ac.id/c_search/byprod/35
https://pta.trunojoyo.ac.id/c_search/byfac/1,https://pta.trunojoyo.ac.id/c_search/byprod/12
https://pta.trunojoyo.ac.id/c_search/byfac/1,https://pta.trunojoyo.ac.id/welcome/detail/080111100012
https://pta.trunojoyo.ac.id/c_search/byfac/1,https://pta.trunojoyo.ac.id/c_search/byprod/33
https://pta.trunojoyo.ac.id/c_search/byfac/1,https://pta.trunojoyo.ac.id/c_search/byprod/14
https://pta.trunojoyo.ac.id/c_search/byfac/1,https://pta.trunojoyo.ac.id/c_search/byprod/28
https://pta.trunojoyo.ac.id/c_search/byfac/1,https://pta.trunojoyo.ac.id/c_search/byprod/36
https://pta.trunojoyo.ac.id/c_search/byfac/1,https://pta.trunojoyo.ac.id/c_search/byprod/3
https://pta.trunojoyo.ac.id/c_search/byfac/1,https://pta.trunojoyo.ac.id/c_search/byprod/25
https://pta.trunojoyo.ac.id/c_search/byfac/1,https://pta.trunojoyo.ac.id/welcome/detail/080111100002
https://pta.trunojoyo.ac.id/c_search/byfac/1,https://pta.trunojoyo.ac.id/c_search/byprod/11
https://pta.trunojoyo.ac.id/c_search/byfac/1,https://pta.trunojoyo.ac.id/c_search/byprod/20
https://pta.trunojoyo.ac.id/c_search/byfac/1,https://pta.trunojoyo.ac.id/c_search/byprod/41
https://pta.trunojoyo.ac.id/c_search/byfac/1,https://pta.trunojoyo.ac.id/c_search/byprod/39
https://pta.trunojoyo.ac.id/c_search/byfac/1,https://pta.trunojoyo.ac.id/c_search/byprod/23
https://pta.trunojoyo.ac.id/c_search/byfac/1,https://pta.trunojoyo.ac.id/c_search/byprod/40
https://pta.trunojoyo.ac.id/c_search/byfac/1,https://pta.trunojoyo.ac.id/c_search/byprod/16
https://pta.trunojoyo.ac.id/c_search/byfac/1,https://pta.trunojoyo.ac.id/c_search/byprod/13
https://pta.trunojoyo.ac.id/c_search/byfac/1,https://pta.trunojoyo.ac.id/welcome/detail/070111200007
https://pta.trunojoyo.ac.id/c_search/byfac/1,https://pta.trunojoyo.ac.id/c_search/byprod/15
https://pta.trunojoyo.ac.id/c_search/byfac/1,https://pta.trunojoyo.ac.id/c_search/byprod/37
https://pta.trunojoyo.ac.id/c_search/byfac/1,https://pta.trunojoyo.ac.id/c_search/byprod/1
https://pta.trunojoyo.ac.id/c_search/byfac/1,https://pta.trunojoyo.ac.id/c_search/byfac/2
https://pta.trunojoyo.ac.id/c_search/byfac/1,https://pta.trunojoyo.ac.id/c_search/byprod/7
https://pta.trunojoyo.ac.id/c_search/byfac/1,https://pta.trunojoyo.ac.id/c_search/byfac/99
https://pta.trunojoyo.ac.id/c_search/byfac/1,https://pta.trunojoyo.ac.id/c_search/byfac/5
https://pta.trunojoyo.ac.id/c_search/byfac/1,https://pta.trunojoyo.ac.id/c_search/byprod/10
https://pta.trunojoyo.ac.id/c_search/byfac/1,https://pta.trunojoyo.ac.id/c_search/byprod/27
https://pta.trunojoyo.ac.id/c_search/byfac/1,https://pta.trunojoyo.ac.id/c_search/byprod/4
https://pta.trunojoyo.ac.id/c_search/byfac/1,https://pta.trunojoyo.ac.id/c_search/byfac/3
https://pta.trunojoyo.ac.id/c_search/byfac/1,https://pta.trunojoyo.ac.id/c_search/byprod/29
https://pta.trunojoyo.ac.id/c_search/byfac/1,https://pta.trunojoyo.ac.id/c_search/byprod/31
https://pta.trunojoyo.ac.id/c_search/byfac/1,https://pta.trunojoyo.ac.id/c_search/byprod/5
https://pta.trunojoyo.ac.id/c_search/byfac/1,https://pta.trunojoyo.ac.id/c_search/byfac/1/297
https://pta.trunojoyo.ac.id/c_search/byfac/1,https://pta.trunojoyo.ac.id/c_search/byprod/26
https://pta.trunojoyo.ac.id/c_search/byfac/1,https://pta.trunojoyo.ac.id/
https://pta.trunojoyo.ac.id/c_search/byfac/1,https://pta.trunojoyo.ac.id/c_search/byfac/1/3
https://pta.trunojoyo.ac.id/c_search/byfac/1,https://pta.trunojoyo.ac.id/c_search/byfac/7
https://pta.trunojoyo.ac.id/c_search/byfac/1,https://pta.trunojoyo.ac.id/c_template/
https://pta.trunojoyo.ac.id/c_search/byfac/1,https://pta.trunojoyo.ac.id/c_contact/
https://pta.trunojoyo.ac.id/c_search/byfac/1,https://pta.trunojoyo.ac.id/c_search/byfac/6
https://pta.trunojoyo.ac.id/c_search/byfac/1,https://pta.trunojoyo.ac.id/c_search/byprod/24
https://pta.trunojoyo.ac.id/c_search/byfac/1,https://pta.trunojoyo.ac.id/c_search/byprod/99
https://pta.trunojoyo.ac.id/c_search/byfac/1,https://pta.trunojoyo.ac.id/c_search/byprod/8
https://pta.trunojoyo.ac.id/c_search/byfac/1,https://pta.trunojoyo.ac.id/c_search/byprod/18
https://pta.trunojoyo.ac.id/c_search/byfac/1,https://pta.trunojoyo.ac.id/welcome/detail/070111100060
https://pta.trunojoyo.ac.id/c_search/byprod/2,https://pta.trunojoyo.ac.id/welcome/detail/080331100014
https://pta.trunojoyo.ac.id/c_search/byprod/2,https://pta.trunojoyo.ac.id/c_search/byprod/21
https://pta.trunojoyo.ac.id/c_search/byprod/2,https://pta.trunojoyo.ac.id/c_search/byprod/22
https://pta.trunojoyo.ac.id/c_search/byprod/2,https://pta.trunojoyo.ac.id/c_search/byfac/4
https://pta.trunojoyo.ac.id/c_search/byprod/2,https://pta.trunojoyo.ac.id/c_search/byprod/32
https://pta.trunojoyo.ac.id/c_search/byprod/2,https://pta.trunojoyo.ac.id/welcome/detail/080331100040
https://pta.trunojoyo.ac.id/c_search/byprod/2,https://pta.trunojoyo.ac.id/c_search/byprod/19
https://pta.trunojoyo.ac.id/c_search/byprod/2,https://pta.trunojoyo.ac.id/c_search/byprod/2
https://pta.trunojoyo.ac.id/c_search/byprod/2,https://pta.trunojoyo.ac.id/c_search/byfac/1
https://pta.trunojoyo.ac.id/c_search/byprod/2,https://pta.trunojoyo.ac.id/c_search/byprod/6
https://pta.trunojoyo.ac.id/c_search/byprod/2,https://pta.trunojoyo.ac.id/c_search/byprod/17
https://pta.trunojoyo.ac.id/c_search/byprod/2,https://pta.trunojoyo.ac.id/c_search/
https://pta.trunojoyo.ac.id/c_search/byprod/2,https://pta.trunojoyo.ac.id/c_search/byprod/30
https://pta.trunojoyo.ac.id/c_search/byprod/2,https://pta.trunojoyo.ac.id/c_search/byfac/100
https://pta.trunojoyo.ac.id/c_search/byprod/2,https://pta.trunojoyo.ac.id/c_search/byprod/38
https://pta.trunojoyo.ac.id/c_search/byprod/2,https://pta.trunojoyo.ac.id/c_search/byprod/9
https://pta.trunojoyo.ac.id/c_search/byprod/2,https://pta.trunojoyo.ac.id/c_search/byprod/35
https://pta.trunojoyo.ac.id/c_search/byprod/2,https://pta.trunojoyo.ac.id/c_search/byprod/12
https://pta.trunojoyo.ac.id/c_search/byprod/2,https://pta.trunojoyo.ac.id/c_search/byprod/14
https://pta.trunojoyo.ac.id/c_search/byprod/2,https://pta.trunojoyo.ac.id/c_search/byprod/33
https://pta.trunojoyo.ac.id/c_search/byprod/2,https://pta.trunojoyo.ac.id/welcome/detail/080331100016
https://pta.trunojoyo.ac.id/c_search/byprod/2,https://pta.trunojoyo.ac.id/c_search/byprod/28
https://pta.trunojoyo.ac.id/c_search/byprod/2,https://pta.trunojoyo.ac.id/c_search/byprod/36
https://pta.trunojoyo.ac.id/c_search/byprod/2,https://pta.trunojoyo.ac.id/c_search/byprod/3
https://pta.trunojoyo.ac.id/c_search/byprod/2,https://pta.trunojoyo.ac.id/c_search/byprod/25
https://pta.trunojoyo.ac.id/c_search/byprod/2,https://pta.trunojoyo.ac.id/c_search/byprod/2/2
https://pta.trunojoyo.ac.id/c_search/byprod/2,https://pta.trunojoyo.ac.id/c_search/byprod/2/3
https://pta.trunojoyo.ac.id/c_search/byprod/2,https://pta.trunojoyo.ac.id/c_search/byprod/11
https://pta.trunojoyo.ac.id/c_search/byprod/2,https://pta.trunojoyo.ac.id/c_search/byprod/20
https://pta.trunojoyo.ac.id/c_search/byprod/2,https://pta.trunojoyo.ac.id/c_search/byprod/41
https://pta.trunojoyo.ac.id/c_search/byprod/2,https://pta.trunojoyo.ac.id/c_search/byprod/39
https://pta.trunojoyo.ac.id/c_search/byprod/2,https://pta.trunojoyo.ac.id/welcome/detail/080331100005
https://pta.trunojoyo.ac.id/c_search/byprod/2,https://pta.trunojoyo.ac.id/c_search/byprod/23
https://pta.trunojoyo.ac.id/c_search/byprod/2,https://pta.trunojoyo.ac.id/c_search/byprod/16
https://pta.trunojoyo.ac.id/c_search/byprod/2,https://pta.trunojoyo.ac.id/c_search/byprod/13
https://pta.trunojoyo.ac.id/c_search/byprod/2,https://pta.trunojoyo.ac.id/c_search/byprod/40
https://pta.trunojoyo.ac.id/c_search/byprod/2,https://pta.trunojoyo.ac.id/c_search/byprod/15
https://pta.trunojoyo.ac.id/c_search/byprod/2,https://pta.trunojoyo.ac.id/c_search/byprod/37
https://pta.trunojoyo.ac.id/c_search/byprod/2,https://pta.trunojoyo.ac.id/c_search/byprod/1
https://pta.trunojoyo.ac.id/c_search/byprod/2,https://pta.trunojoyo.ac.id/c_search/byfac/2
https://pta.trunojoyo.ac.id/c_search/byprod/2,https://pta.trunojoyo.ac.id/c_search/byprod/7
https://pta.trunojoyo.ac.id/c_search/byprod/2,https://pta.trunojoyo.ac.id/c_search/byfac/99
https://pta.trunojoyo.ac.id/c_search/byprod/2,https://pta.trunojoyo.ac.id/c_search/byfac/5
https://pta.trunojoyo.ac.id/c_search/byprod/2,https://pta.trunojoyo.ac.id/c_search/byprod/10
https://pta.trunojoyo.ac.id/c_search/byprod/2,https://pta.trunojoyo.ac.id/c_search/byprod/27
https://pta.trunojoyo.ac.id/c_search/byprod/2,https://pta.trunojoyo.ac.id/c_search/byprod/4
https://pta.trunojoyo.ac.id/c_search/byprod/2,https://pta.trunojoyo.ac.id/c_search/byfac/3
https://pta.trunojoyo.ac.id/c_search/byprod/2,https://pta.trunojoyo.ac.id/c_search/byprod/29
https://pta.trunojoyo.ac.id/c_search/byprod/2,https://pta.trunojoyo.ac.id/c_search/byprod/31
https://pta.trunojoyo.ac.id/c_search/byprod/2,https://pta.trunojoyo.ac.id/c_search/byprod/5
https://pta.trunojoyo.ac.id/c_search/byprod/2,https://pta.trunojoyo.ac.id/c_search/byprod/26
https://pta.trunojoyo.ac.id/c_search/byprod/2,https://pta.trunojoyo.ac.id/c_search/byprod/2/114
https://pta.trunojoyo.ac.id/c_search/byprod/2,https://pta.trunojoyo.ac.id/
https://pta.trunojoyo.ac.id/c_search/byprod/2,https://pta.trunojoyo.ac.id/c_search/byfac/7
https://pta.trunojoyo.ac.id/c_search/byprod/2,https://pta.trunojoyo.ac.id/c_template/
https://pta.trunojoyo.ac.id/c_search/byprod/2,https://pta.trunojoyo.ac.id/c_contact/
https://pta.trunojoyo.ac.id/c_search/byprod/2,https://pta.trunojoyo.ac.id/c_search/byfac/6
https://pta.trunojoyo.ac.id/c_search/byprod/2,https://pta.trunojoyo.ac.id/c_search/byprod/24
https://pta.trunojoyo.ac.id/c_search/byprod/2,https://pta.trunojoyo.ac.id/c_search/byprod/99
https://pta.trunojoyo.ac.id/c_search/byprod/2,https://pta.trunojoyo.ac.id/c_search/byprod/8
https://pta.trunojoyo.ac.id/c_search/byprod/2,https://pta.trunojoyo.ac.id/c_search/byprod/18
https://pta.trunojoyo.ac.id/c_search/byprod/2,https://pta.trunojoyo.ac.id/welcome/detail/080331100063
https://pta.trunojoyo.ac.id/c_search/byprod/6,https://pta.trunojoyo.ac.id/welcome/detail/080231100031
https://pta.trunojoyo.ac.id/c_search/byprod/6,https://pta.trunojoyo.ac.id/c_search/byprod/21
https://pta.trunojoyo.ac.id/c_search/byprod/6,https://pta.trunojoyo.ac.id/c_search/byprod/22
https://pta.trunojoyo.ac.id/c_search/byprod/6,https://pta.trunojoyo.ac.id/c_search/byfac/4
https://pta.trunojoyo.ac.id/c_search/byprod/6,https://pta.trunojoyo.ac.id/c_search/byprod/32
https://pta.trunojoyo.ac.id/c_search/byprod/6,https://pta.trunojoyo.ac.id/c_search/byprod/19
https://pta.trunojoyo.ac.id/c_search/byprod/6,https://pta.trunojoyo.ac.id/c_search/byprod/2
https://pta.trunojoyo.ac.id/c_search/byprod/6,https://pta.trunojoyo.ac.id/c_search/byfac/1
https://pta.trunojoyo.ac.id/c_search/byprod/6,https://pta.trunojoyo.ac.id/c_search/byprod/6
https://pta.trunojoyo.ac.id/c_search/byprod/6,https://pta.trunojoyo.ac.id/c_search/byprod/17
https://pta.trunojoyo.ac.id/c_search/byprod/6,https://pta.trunojoyo.ac.id/c_search/
https://pta.trunojoyo.ac.id/c_search/byprod/6,https://pta.trunojoyo.ac.id/c_search/byprod/30
https://pta.trunojoyo.ac.id/c_search/byprod/6,https://pta.trunojoyo.ac.id/c_search/byfac/100
https://pta.trunojoyo.ac.id/c_search/byprod/6,https://pta.trunojoyo.ac.id/c_search/byprod/6/118
https://pta.trunojoyo.ac.id/c_search/byprod/6,https://pta.trunojoyo.ac.id/welcome/detail/080231100049
https://pta.trunojoyo.ac.id/c_search/byprod/6,https://pta.trunojoyo.ac.id/c_search/byprod/38
https://pta.trunojoyo.ac.id/c_search/byprod/6,https://pta.trunojoyo.ac.id/c_search/byprod/9
https://pta.trunojoyo.ac.id/c_search/byprod/6,https://pta.trunojoyo.ac.id/c_search/byprod/35
https://pta.trunojoyo.ac.id/c_search/byprod/6,https://pta.trunojoyo.ac.id/welcome/detail/080231100020
https://pta.trunojoyo.ac.id/c_search/byprod/6,https://pta.trunojoyo.ac.id/c_search/byprod/12
https://pta.trunojoyo.ac.id/c_search/byprod/6,https://pta.trunojoyo.ac.id/c_search/byprod/14
https://pta.trunojoyo.ac.id/c_search/byprod/6,https://pta.trunojoyo.ac.id/c_search/byprod/6/2
https://pta.trunojoyo.ac.id/c_search/byprod/6,https://pta.trunojoyo.ac.id/c_search/byprod/33
https://pta.trunojoyo.ac.id/c_search/byprod/6,https://pta.trunojoyo.ac.id/c_search/byprod/28
https://pta.trunojoyo.ac.id/c_search/byprod/6,https://pta.trunojoyo.ac.id/c_search/byprod/36
https://pta.trunojoyo.ac.id/c_search/byprod/6,https://pta.trunojoyo.ac.id/c_search/byprod/3
https://pta.trunojoyo.ac.id/c_search/byprod/6,https://pta.trunojoyo.ac.id/c_search/byprod/25
https://pta.trunojoyo.ac.id/c_search/byprod/6,https://pta.trunojoyo.ac.id/c_search/byprod/20
https://pta.trunojoyo.ac.id/c_search/byprod/6,https://pta.trunojoyo.ac.id/c_search/byprod/11
https://pta.trunojoyo.ac.id/c_search/byprod/6,https://pta.trunojoyo.ac.id/c_search/byprod/41
https://pta.trunojoyo.ac.id/c_search/byprod/6,https://pta.trunojoyo.ac.id/c_search/byprod/39
https://pta.trunojoyo.ac.id/c_search/byprod/6,https://pta.trunojoyo.ac.id/c_search/byprod/23
https://pta.trunojoyo.ac.id/c_search/byprod/6,https://pta.trunojoyo.ac.id/c_search/byprod/40
https://pta.trunojoyo.ac.id/c_search/byprod/6,https://pta.trunojoyo.ac.id/c_search/byprod/16
https://pta.trunojoyo.ac.id/c_search/byprod/6,https://pta.trunojoyo.ac.id/c_search/byprod/13
https://pta.trunojoyo.ac.id/c_search/byprod/6,https://pta.trunojoyo.ac.id/c_search/byprod/15
https://pta.trunojoyo.ac.id/c_search/byprod/6,https://pta.trunojoyo.ac.id/c_search/byprod/37
https://pta.trunojoyo.ac.id/c_search/byprod/6,https://pta.trunojoyo.ac.id/c_search/byprod/1
https://pta.trunojoyo.ac.id/c_search/byprod/6,https://pta.trunojoyo.ac.id/c_search/byfac/2
https://pta.trunojoyo.ac.id/c_search/byprod/6,https://pta.trunojoyo.ac.id/c_search/byprod/7
https://pta.trunojoyo.ac.id/c_search/byprod/6,https://pta.trunojoyo.ac.id/c_search/byfac/99
https://pta.trunojoyo.ac.id/c_search/byprod/6,https://pta.trunojoyo.ac.id/c_search/byfac/5
https://pta.trunojoyo.ac.id/c_search/byprod/6,https://pta.trunojoyo.ac.id/c_search/byprod/10
https://pta.trunojoyo.ac.id/c_search/byprod/6,https://pta.trunojoyo.ac.id/c_search/byprod/27
https://pta.trunojoyo.ac.id/c_search/byprod/6,https://pta.trunojoyo.ac.id/c_search/byprod/4
https://pta.trunojoyo.ac.id/c_search/byprod/6,https://pta.trunojoyo.ac.id/c_search/byfac/3
https://pta.trunojoyo.ac.id/c_search/byprod/6,https://pta.trunojoyo.ac.id/c_search/byprod/29
https://pta.trunojoyo.ac.id/c_search/byprod/6,https://pta.trunojoyo.ac.id/c_search/byprod/31
https://pta.trunojoyo.ac.id/c_search/byprod/6,https://pta.trunojoyo.ac.id/c_search/byprod/5
https://pta.trunojoyo.ac.id/c_search/byprod/6,https://pta.trunojoyo.ac.id/c_search/byprod/26
https://pta.trunojoyo.ac.id/c_search/byprod/6,https://pta.trunojoyo.ac.id/welcome/detail/080231100013
https://pta.trunojoyo.ac.id/c_search/byprod/6,https://pta.trunojoyo.ac.id/
https://pta.trunojoyo.ac.id/c_search/byprod/6,https://pta.trunojoyo.ac.id/c_search/byprod/6/3
https://pta.trunojoyo.ac.id/c_search/byprod/6,https://pta.trunojoyo.ac.id/c_search/byfac/7
https://pta.trunojoyo.ac.id/c_search/byprod/6,https://pta.trunojoyo.ac.id/c_template/
https://pta.trunojoyo.ac.id/c_search/byprod/6,https://pta.trunojoyo.ac.id/c_contact/
https://pta.trunojoyo.ac.id/c_search/byprod/6,https://pta.trunojoyo.ac.id/c_search/byfac/6
https://pta.trunojoyo.ac.id/c_search/byprod/6,https://pta.trunojoyo.ac.id/c_search/byprod/24
https://pta.trunojoyo.ac.id/c_search/byprod/6,https://pta.trunojoyo.ac.id/c_search/byprod/99
https://pta.trunojoyo.ac.id/c_search/byprod/6,https://pta.trunojoyo.ac.id/c_search/byprod/8
https://pta.trunojoyo.ac.id/c_search/byprod/6,https://pta.trunojoyo.ac.id/c_search/byprod/18
https://pta.trunojoyo.ac.id/c_search/byprod/6,https://pta.trunojoyo.ac.id/welcome/detail/080231100007
